name,latitude,longitude,scientificName,publishingCountry,stateProvince,year,month,day,eventDate,individualCount
Asclepias speciosa Torr.,42.642,-114.089361,Asclepias speciosa Torr.,US,Idaho,2021,6,20,2021-06-20,1
Asclepias speciosa Torr.,38.568428,-109.547691,Asclepias speciosa Torr.,FR,NA,2020,5,29,2020-05-29,1
Asclepias speciosa Torr.,37.923442,-122.036982,Asclepias speciosa Torr.,FR,NA,2020,5,26,2020-05-26,1
Asclepias speciosa Torr.,39.101589,-108.372378,Asclepias speciosa Torr.,FR,NA,2020,5,30,2020-05-30,1
Asclepias speciosa Torr.,35.327781,-106.433538,Asclepias speciosa Torr.,FR,NA,2020,5,16,2020-05-16,1
Asclepias speciosa Torr.,35.506631,-97.579405,Asclepias speciosa Torr.,FR,NA,2020,5,28,2020-05-28,1
Asclepias speciosa Torr.,41.285556,-122.298611,Asclepias speciosa Torr.,FR,NA,2020,5,28,2020-05-28,1
Asclepias speciosa Torr.,36.278028,-97.899886,Asclepias speciosa Torr.,FR,NA,2020,5,24,2020-05-24,1
Asclepias speciosa Torr.,40.533669,-122.333594,Asclepias speciosa Torr.,FR,NA,2020,5,26,2020-05-26,1
Asclepias speciosa Torr.,39.159875,-108.743269,Asclepias speciosa Torr.,FR,NA,2020,5,29,2020-05-29,1
Asclepias speciosa Torr.,39.437851,-108.04168,Asclepias speciosa Torr.,FR,NA,2020,6,18,2020-06-18,1
Asclepias speciosa Torr.,41.09675,-95.767213,Asclepias speciosa Torr.,FR,NA,2020,6,17,2020-06-17,1
Asclepias speciosa Torr.,41.108614,-95.943617,Asclepias speciosa Torr.,FR,NA,2020,6,23,2020-06-23,1
Asclepias speciosa Torr.,41.63444,-91.518215,Asclepias speciosa Torr.,FR,NA,2020,6,27,2020-06-27,1
Asclepias speciosa Torr.,47.947778,-103.968611,Asclepias speciosa Torr.,FR,NA,2020,6,22,2020-06-22,1
Asclepias speciosa Torr.,39.591707,-104.882557,Asclepias speciosa Torr.,FR,NA,2020,6,8,2020-06-08,1
Asclepias speciosa Torr.,41.67865,-88.14052,Asclepias speciosa Torr.,FR,NA,2020,6,23,2020-06-23,1
Asclepias speciosa Torr.,38.770986,-104.852658,Asclepias speciosa Torr.,FR,NA,2020,6,13,2020-06-13,1
Asclepias speciosa Torr.,41.17005,-112.01761,Asclepias speciosa Torr.,FR,NA,2020,6,14,2020-06-14,1
Asclepias speciosa Torr.,40.186511,-105.150531,Asclepias speciosa Torr.,FR,NA,2020,6,16,2020-06-16,1
Asclepias speciosa Torr.,39.651993,-106.932533,Asclepias speciosa Torr.,FR,NA,2020,6,18,2020-06-18,1
Asclepias speciosa Torr.,50.047142,-119.397108,Asclepias speciosa Torr.,FR,NA,2020,6,26,2020-06-26,1
Asclepias speciosa Torr.,39.702869,-105.083885,Asclepias speciosa Torr.,FR,NA,2020,6,15,2020-06-15,1
Asclepias speciosa Torr.,42.83872,-106.375265,Asclepias speciosa Torr.,FR,NA,2020,6,22,2020-06-22,1
Asclepias speciosa Torr.,43.2034,-112.358942,Asclepias speciosa Torr.,FR,NA,2020,6,16,2020-06-16,1
Asclepias speciosa Torr.,38.816029,-104.766072,Asclepias speciosa Torr.,FR,NA,2020,6,27,2020-06-27,1
Asclepias speciosa Torr.,40.88092,-111.847096,Asclepias speciosa Torr.,FR,NA,2020,6,15,2020-06-15,1
Asclepias speciosa Torr.,39.722614,-104.889756,Asclepias speciosa Torr.,FR,NA,2020,6,27,2020-06-27,1
Asclepias speciosa Torr.,41.807354,-111.822899,Asclepias speciosa Torr.,FR,NA,2020,6,25,2020-06-25,1
Asclepias speciosa Torr.,37.816091,-122.234843,Asclepias speciosa Torr.,FR,NA,2020,6,3,2020-06-03,1
Asclepias speciosa Torr.,39.710661,-105.202986,Asclepias speciosa Torr.,FR,NA,2020,6,23,2020-06-23,1
Asclepias speciosa Torr.,39.443295,-108.048078,Asclepias speciosa Torr.,FR,NA,2020,6,3,2020-06-03,1
Asclepias speciosa Torr.,43.184646,-112.333973,Asclepias speciosa Torr.,FR,NA,2020,6,13,2020-06-13,1
Asclepias speciosa Torr.,39.887494,-105.111919,Asclepias speciosa Torr.,FR,NA,2020,6,17,2020-06-17,1
Asclepias speciosa Torr.,43.612251,-116.228195,Asclepias speciosa Torr.,FR,NA,2020,6,18,2020-06-18,1
Asclepias speciosa Torr.,44.350792,-117.269354,Asclepias speciosa Torr.,FR,NA,2020,6,6,2020-06-06,1
Asclepias speciosa Torr.,39.802982,-105.042587,Asclepias speciosa Torr.,FR,NA,2020,6,8,2020-06-08,1
Asclepias speciosa Torr.,47.157321,-119.276787,Asclepias speciosa Torr.,FR,NA,2020,6,7,2020-06-07,1
Asclepias speciosa Torr.,39.660884,-104.765504,Asclepias speciosa Torr.,FR,NA,2020,6,18,2020-06-18,1
Asclepias speciosa Torr.,40.163602,-105.119229,Asclepias speciosa Torr.,FR,NA,2020,6,6,2020-06-06,1
Asclepias speciosa Torr.,39.623,-104.85039,Asclepias speciosa Torr.,FR,NA,2020,6,11,2020-06-11,1
Asclepias speciosa Torr.,47.693654,-117.239086,Asclepias speciosa Torr.,FR,NA,2020,6,23,2020-06-23,1
Asclepias speciosa Torr.,40.369624,-111.84868,Asclepias speciosa Torr.,FR,NA,2020,6,13,2020-06-13,1
Asclepias speciosa Torr.,46.213143,-116.004813,Asclepias speciosa Torr.,FR,NA,2020,6,24,2020-06-24,1
Asclepias speciosa Torr.,49.013413,-119.45506,Asclepias speciosa Torr.,FR,NA,2020,6,27,2020-06-27,1
Asclepias speciosa Torr.,46.278642,-119.360047,Asclepias speciosa Torr.,FR,NA,2020,6,6,2020-06-06,1
Asclepias speciosa Torr.,40.414942,-104.987437,Asclepias speciosa Torr.,FR,NA,2020,6,14,2020-06-14,1
Asclepias speciosa Torr.,39.040363,-104.821924,Asclepias speciosa Torr.,FR,NA,2020,6,25,2020-06-25,1
Asclepias speciosa Torr.,40.019127,-105.237275,Asclepias speciosa Torr.,FR,NA,2020,6,12,2020-06-12,1
Asclepias speciosa Torr.,43.773472,-116.997896,Asclepias speciosa Torr.,FR,NA,2020,6,17,2020-06-17,1
Asclepias speciosa Torr.,45.763917,-108.476217,Asclepias speciosa Torr.,FR,NA,2020,6,28,2020-06-28,1
Asclepias speciosa Torr.,45.549698,-122.593212,Asclepias speciosa Torr.,FR,NA,2020,6,29,2020-06-29,1
Asclepias speciosa Torr.,39.595163,-119.262925,Asclepias speciosa Torr.,FR,NA,2020,6,14,2020-06-14,1
Asclepias speciosa Torr.,46.297601,-119.266637,Asclepias speciosa Torr.,FR,NA,2020,6,15,2020-06-15,1
Asclepias speciosa Torr.,39.564287,-107.511239,Asclepias speciosa Torr.,FR,NA,2020,6,16,2020-06-16,1
Asclepias speciosa Torr.,45.111236,-123.199853,Asclepias speciosa Torr.,FR,NA,2020,6,21,2020-06-21,1
Asclepias speciosa Torr.,40.433113,-111.912205,Asclepias speciosa Torr.,FR,NA,2020,6,8,2020-06-08,1
Asclepias speciosa Torr.,37.385321,-107.847396,Asclepias speciosa Torr.,FR,NA,2020,6,2,2020-06-02,1
Asclepias speciosa Torr.,47.070613,-120.030108,Asclepias speciosa Torr.,FR,NA,2020,6,9,2020-06-09,1
Asclepias speciosa Torr.,47.588784,-119.33914,Asclepias speciosa Torr.,FR,NA,2020,6,14,2020-06-14,1
Asclepias speciosa Torr.,43.670865,-116.268467,Asclepias speciosa Torr.,FR,NA,2020,6,22,2020-06-22,1
Asclepias speciosa Torr.,38.828063,-104.796599,Asclepias speciosa Torr.,FR,NA,2020,6,14,2020-06-14,1
Asclepias speciosa Torr.,40.166665,-105.122043,Asclepias speciosa Torr.,FR,NA,2020,6,20,2020-06-20,1
Asclepias speciosa Torr.,40.670614,-99.038907,Asclepias speciosa Torr.,FR,NA,2020,6,23,2020-06-23,1
Asclepias speciosa Torr.,39.463469,-105.089375,Asclepias speciosa Torr.,FR,NA,2020,6,7,2020-06-07,1
Asclepias speciosa Torr.,38.742237,-104.720694,Asclepias speciosa Torr.,FR,NA,2020,6,13,2020-06-13,1
Asclepias speciosa Torr.,43.614716,-116.221477,Asclepias speciosa Torr.,FR,NA,2020,6,21,2020-06-21,1
Asclepias speciosa Torr.,39.01942,-104.790012,Asclepias speciosa Torr.,FR,NA,2020,6,24,2020-06-24,1
Asclepias speciosa Torr.,40.626789,-103.231682,Asclepias speciosa Torr.,FR,NA,2020,6,21,2020-06-21,1
Asclepias speciosa Torr.,39.83589,-105.033184,Asclepias speciosa Torr.,FR,NA,2020,6,15,2020-06-15,1
Asclepias speciosa Torr.,48.365049,-119.595766,Asclepias speciosa Torr.,FR,NA,2020,6,17,2020-06-17,1
Asclepias speciosa Torr.,39.784086,-105.199389,Asclepias speciosa Torr.,FR,NA,2020,6,14,2020-06-14,1
Asclepias speciosa Torr.,40.90225,-111.863342,Asclepias speciosa Torr.,FR,NA,2020,6,20,2020-06-20,1
Asclepias speciosa Torr.,44.520114,-107.90342,Asclepias speciosa Torr.,FR,NA,2020,6,9,2020-06-09,1
Asclepias speciosa Torr.,45.541361,-122.623879,Asclepias speciosa Torr.,FR,NA,2020,6,22,2020-06-22,1
Asclepias speciosa Torr.,39.758487,-104.879209,Asclepias speciosa Torr.,FR,NA,2020,6,26,2020-06-26,1
Asclepias speciosa Torr.,37.342141,-108.301728,Asclepias speciosa Torr.,FR,NA,2020,6,21,2020-06-21,1
Asclepias speciosa Torr.,39.674184,-105.080039,Asclepias speciosa Torr.,FR,NA,2020,6,18,2020-06-18,1
Asclepias speciosa Torr.,45.556298,-122.86843,Asclepias speciosa Torr.,FR,NA,2020,6,18,2020-06-18,1
Asclepias speciosa Torr.,39.625629000000004,-104.846205,Asclepias speciosa Torr.,FR,NA,2020,6,24,2020-06-24,1
Asclepias speciosa Torr.,45.914775,-119.279752,Asclepias speciosa Torr.,FR,NA,2020,6,30,2020-06-30,1
Asclepias speciosa Torr.,49.086717,-119.551411,Asclepias speciosa Torr.,FR,NA,2020,6,30,2020-06-30,1
Asclepias speciosa Torr.,39.294144,-119.252578,Asclepias speciosa Torr.,FR,NA,2020,6,28,2020-06-28,1
Asclepias speciosa Torr.,39.576589,-105.044364,Asclepias speciosa Torr.,FR,NA,2020,6,13,2020-06-13,1
Asclepias speciosa Torr.,40.575509,-105.031153,Asclepias speciosa Torr.,FR,NA,2020,6,23,2020-06-23,1
Asclepias speciosa Torr.,38.931115,-121.585601,Asclepias speciosa Torr.,FR,NA,2020,6,7,2020-06-07,1
Asclepias speciosa Torr.,43.600495,-116.154404,Asclepias speciosa Torr.,FR,NA,2020,6,21,2020-06-21,1
Asclepias speciosa Torr.,41.146281,-104.769561,Asclepias speciosa Torr.,FR,NA,2020,6,20,2020-06-20,1
Asclepias speciosa Torr.,39.492642,-104.76817,Asclepias speciosa Torr.,FR,NA,2020,6,17,2020-06-17,1
Asclepias speciosa Torr.,43.459747,-116.567997,Asclepias speciosa Torr.,FR,NA,2020,6,27,2020-06-27,1
Asclepias speciosa Torr.,40.571481,-105.023894,Asclepias speciosa Torr.,FR,NA,2020,6,29,2020-06-29,1
Asclepias speciosa Torr.,40.046083,-105.238039,Asclepias speciosa Torr.,FR,NA,2020,6,18,2020-06-18,1
Asclepias speciosa Torr.,39.48737,-104.783167,Asclepias speciosa Torr.,FR,NA,2020,6,20,2020-06-20,1
Asclepias speciosa Torr.,43.678729,-111.824629,Asclepias speciosa Torr.,FR,NA,2020,6,30,2020-06-30,1
Asclepias speciosa Torr.,42.553444,-114.558845,Asclepias speciosa Torr.,FR,NA,2020,6,30,2020-06-30,1
Asclepias speciosa Torr.,40.602536,-105.088803,Asclepias speciosa Torr.,FR,NA,2020,6,27,2020-06-27,1
Asclepias speciosa Torr.,40.41102,-111.525397,Asclepias speciosa Torr.,FR,NA,2020,6,28,2020-06-28,1
Asclepias speciosa Torr.,49.789396000000004,-119.733223,Asclepias speciosa Torr.,FR,NA,2020,6,29,2020-06-29,1
Asclepias speciosa Torr.,39.62291,-104.786273,Asclepias speciosa Torr.,FR,NA,2020,6,11,2020-06-11,1
Asclepias speciosa Torr.,38.935433,-104.81948,Asclepias speciosa Torr.,FR,NA,2020,6,26,2020-06-26,1
Asclepias speciosa Torr.,39.733292,-104.754014,Asclepias speciosa Torr.,FR,NA,2020,6,27,2020-06-27,1
Asclepias speciosa Torr.,45.473383,-122.617928,Asclepias speciosa Torr.,FR,NA,2020,6,15,2020-06-15,1
Asclepias speciosa Torr.,40.657493,-111.928305,Asclepias speciosa Torr.,FR,NA,2020,6,4,2020-06-04,1
Asclepias speciosa Torr.,43.611389,-116.227778,Asclepias speciosa Torr.,FR,NA,2020,6,21,2020-06-21,1
Asclepias speciosa Torr.,39.920019,-119.767644,Asclepias speciosa Torr.,FR,NA,2020,6,24,2020-06-24,1
Asclepias speciosa Torr.,40.602536,-105.088803,Asclepias speciosa Torr.,FR,NA,2020,6,26,2020-06-26,1
Asclepias speciosa Torr.,40.341307,-104.858676,Asclepias speciosa Torr.,FR,NA,2020,6,17,2020-06-17,1
Asclepias speciosa Torr.,43.571801,-116.145158,Asclepias speciosa Torr.,FR,NA,2020,6,28,2020-06-28,1
Asclepias speciosa Torr.,47.222056,-119.654006,Asclepias speciosa Torr.,FR,NA,2020,6,21,2020-06-21,1
Asclepias speciosa Torr.,40.049759,-105.110255,Asclepias speciosa Torr.,FR,NA,2020,6,29,2020-06-29,1
Asclepias speciosa Torr.,40.879108,-111.869218,Asclepias speciosa Torr.,FR,NA,2020,6,14,2020-06-14,1
Asclepias speciosa Torr.,38.897767,-107.877955,Asclepias speciosa Torr.,FR,NA,2020,6,15,2020-06-15,1
Asclepias speciosa Torr.,40.353235,-111.899822,Asclepias speciosa Torr.,FR,NA,2020,6,16,2020-06-16,1
Asclepias speciosa Torr.,43.687102,-116.39942,Asclepias speciosa Torr.,FR,NA,2020,6,20,2020-06-20,1
Asclepias speciosa Torr.,42.553345,-114.55881,Asclepias speciosa Torr.,FR,NA,2020,6,30,2020-06-30,1
Asclepias speciosa Torr.,39.573128,-104.705586,Asclepias speciosa Torr.,FR,NA,2020,6,18,2020-06-18,1
Asclepias speciosa Torr.,39.649764,-105.043681,Asclepias speciosa Torr.,FR,NA,2020,6,21,2020-06-21,1
Asclepias speciosa Torr.,42.053207,-104.964426,Asclepias speciosa Torr.,FR,NA,2020,6,20,2020-06-20,1
Asclepias speciosa Torr.,40.560369,-105.020289,Asclepias speciosa Torr.,FR,NA,2020,6,30,2020-06-30,1
Asclepias speciosa Torr.,40.064043,-105.047799,Asclepias speciosa Torr.,FR,NA,2020,6,12,2020-06-12,1
Asclepias speciosa Torr.,39.663778,-104.873706,Asclepias speciosa Torr.,FR,NA,2020,6,29,2020-06-29,1
Asclepias speciosa Torr.,39.75495,-104.339154,Asclepias speciosa Torr.,FR,NA,2020,6,19,2020-06-19,1
Asclepias speciosa Torr.,39.677782,-105.070989,Asclepias speciosa Torr.,FR,NA,2020,6,24,2020-06-24,1
Asclepias speciosa Torr.,48.122512,-119.752998,Asclepias speciosa Torr.,FR,NA,2020,6,25,2020-06-25,1
Asclepias speciosa Torr.,45.036747,-123.362417,Asclepias speciosa Torr.,FR,NA,2020,6,29,2020-06-29,1
Asclepias speciosa Torr.,40.047616,-105.232245,Asclepias speciosa Torr.,FR,NA,2020,6,23,2020-06-23,1
Asclepias speciosa Torr.,40.511404,-111.962571,Asclepias speciosa Torr.,FR,NA,2020,6,24,2020-06-24,1
Asclepias speciosa Torr.,43.434111,-103.480236,Asclepias speciosa Torr.,FR,NA,2020,6,27,2020-06-27,1
Asclepias speciosa Torr.,44.039867,-116.93567,Asclepias speciosa Torr.,FR,NA,2020,6,30,2020-06-30,1
Asclepias speciosa Torr.,45.566694,-122.67371,Asclepias speciosa Torr.,FR,NA,2020,6,30,2020-06-30,1
Asclepias speciosa Torr.,40.560369,-105.020289,Asclepias speciosa Torr.,FR,NA,2020,6,30,2020-06-30,1
Asclepias speciosa Torr.,47.17168,-111.826123,Asclepias speciosa Torr.,FR,NA,2020,6,29,2020-06-29,1
Asclepias speciosa Torr.,40.483717,-121.92548,Asclepias speciosa Torr.,FR,NA,2020,6,4,2020-06-04,1
Asclepias speciosa Torr.,45.500929,-122.990133,Asclepias speciosa Torr.,FR,NA,2020,6,11,2020-06-11,1
Asclepias speciosa Torr.,39.849351,-105.119259,Asclepias speciosa Torr.,FR,NA,2020,6,13,2020-06-13,1
Asclepias speciosa Torr.,39.616019,-105.173331,Asclepias speciosa Torr.,FR,NA,2020,6,15,2020-06-15,1
Asclepias speciosa Torr.,39.564287,-107.511239,Asclepias speciosa Torr.,FR,NA,2020,6,17,2020-06-17,1
Asclepias speciosa Torr.,40.367562,-111.863362,Asclepias speciosa Torr.,FR,NA,2020,6,19,2020-06-19,1
Asclepias speciosa Torr.,38.096234,-98.020518,Asclepias speciosa Torr.,FR,NA,2020,6,13,2020-06-13,1
Asclepias speciosa Torr.,40.258611,-103.654167,Asclepias speciosa Torr.,FR,NA,2020,6,16,2020-06-16,1
Asclepias speciosa Torr.,39.609913,-104.727242,Asclepias speciosa Torr.,FR,NA,2020,6,25,2020-06-25,1
Asclepias speciosa Torr.,45.500929,-122.990133,Asclepias speciosa Torr.,FR,NA,2020,6,26,2020-06-26,1
Asclepias speciosa Torr.,41.29798,-122.319072,Asclepias speciosa Torr.,FR,NA,2020,6,16,2020-06-16,1
Asclepias speciosa Torr.,41.482457,-112.2873,Asclepias speciosa Torr.,FR,NA,2020,6,19,2020-06-19,1
Asclepias speciosa Torr.,39.601196,-105.075588,Asclepias speciosa Torr.,FR,NA,2020,6,30,2020-06-30,1
Asclepias speciosa Torr.,39.595142,-119.262861,Asclepias speciosa Torr.,FR,NA,2020,6,14,2020-06-14,1
Asclepias speciosa Torr.,40.021872,-105.157631,Asclepias speciosa Torr.,FR,NA,2020,6,17,2020-06-17,1
Asclepias speciosa Torr.,38.436239,-122.678211,Asclepias speciosa Torr.,FR,NA,2020,6,20,2020-06-20,1
Asclepias speciosa Torr.,43.615608,-116.222893,Asclepias speciosa Torr.,FR,NA,2020,6,21,2020-06-21,1
Asclepias speciosa Torr.,41.608193,-98.913746,Asclepias speciosa Torr.,FR,NA,2020,6,21,2020-06-21,1
Asclepias speciosa Torr.,45.813838,-119.7821,Asclepias speciosa Torr.,FR,NA,2020,6,7,2020-06-07,1
Asclepias speciosa Torr.,49.868819,-119.383561,Asclepias speciosa Torr.,FR,NA,2020,6,26,2020-06-26,1
Asclepias speciosa Torr.,35.125664,-106.690138,Asclepias speciosa Torr.,FR,NA,2020,6,5,2020-06-05,1
Asclepias speciosa Torr.,39.755879,-105.101993,Asclepias speciosa Torr.,FR,NA,2020,6,29,2020-06-29,1
Asclepias speciosa Torr.,40.11911,-111.80371,Asclepias speciosa Torr.,FR,NA,2020,6,18,2020-06-18,1
Asclepias speciosa Torr.,36.990306,-121.959483,Asclepias speciosa Torr.,FR,NA,2020,6,14,2020-06-14,1
Asclepias speciosa Torr.,39.595142,-119.262861,Asclepias speciosa Torr.,FR,NA,2020,6,14,2020-06-14,1
Asclepias speciosa Torr.,41.510986,-112.023624,Asclepias speciosa Torr.,FR,NA,2020,6,12,2020-06-12,1
Asclepias speciosa Torr.,47.462959,-120.304811,Asclepias speciosa Torr.,FR,NA,2020,6,10,2020-06-10,1
Asclepias speciosa Torr.,47.012697,-120.535659,Asclepias speciosa Torr.,FR,NA,2020,6,6,2020-06-06,1
Asclepias speciosa Torr.,39.677782,-105.070989,Asclepias speciosa Torr.,FR,NA,2020,6,25,2020-06-25,1
Asclepias speciosa Torr.,39.923072,-104.912725,Asclepias speciosa Torr.,FR,NA,2020,6,19,2020-06-19,1
Asclepias speciosa Torr.,39.800547,-105.041614,Asclepias speciosa Torr.,FR,NA,2020,6,6,2020-06-06,1
Asclepias speciosa Torr.,40.015929,-105.220479,Asclepias speciosa Torr.,FR,NA,2020,6,26,2020-06-26,1
Asclepias speciosa Torr.,39.625419,-104.700512,Asclepias speciosa Torr.,FR,NA,2020,6,18,2020-06-18,1
Asclepias speciosa Torr.,39.617866,-104.822818,Asclepias speciosa Torr.,FR,NA,2020,6,21,2020-06-21,1
Asclepias speciosa Torr.,42.060111,-104.954478,Asclepias speciosa Torr.,FR,NA,2020,6,29,2020-06-29,1
Asclepias speciosa Torr.,39.972778,-105.137986,Asclepias speciosa Torr.,FR,NA,2020,6,4,2020-06-04,1
Asclepias speciosa Torr.,46.921922,-119.954295,Asclepias speciosa Torr.,FR,NA,2020,6,13,2020-06-13,1
Asclepias speciosa Torr.,37.816091,-122.234843,Asclepias speciosa Torr.,FR,NA,2020,6,4,2020-06-04,1
Asclepias speciosa Torr.,41.097051,-112.0677,Asclepias speciosa Torr.,FR,NA,2020,6,13,2020-06-13,1
Asclepias speciosa Torr.,39.83589,-105.033184,Asclepias speciosa Torr.,FR,NA,2020,6,15,2020-06-15,1
Asclepias speciosa Torr.,42.84568,-106.345443,Asclepias speciosa Torr.,FR,NA,2020,6,26,2020-06-26,1
Asclepias speciosa Torr.,39.57102,-104.96512800000001,Asclepias speciosa Torr.,FR,NA,2020,6,6,2020-06-06,1
Asclepias speciosa Torr.,39.771742,-105.053802,Asclepias speciosa Torr.,FR,NA,2020,6,4,2020-06-04,1
Asclepias speciosa Torr.,39.666591,-105.032038,Asclepias speciosa Torr.,FR,NA,2020,6,6,2020-06-06,1
Asclepias speciosa Torr.,37.926983,-122.351217,Asclepias speciosa Torr.,FR,NA,2020,6,5,2020-06-05,1
Asclepias speciosa Torr.,41.149968,-111.915937,Asclepias speciosa Torr.,FR,NA,2020,6,22,2020-06-22,1
Asclepias speciosa Torr.,39.754892,-104.339165,Asclepias speciosa Torr.,FR,NA,2020,6,19,2020-06-19,1
Asclepias speciosa Torr.,39.801944,-104.969722,Asclepias speciosa Torr.,FR,NA,2020,6,19,2020-06-19,1
Asclepias speciosa Torr.,41.186793,-122.283925,Asclepias speciosa Torr.,FR,NA,2020,6,13,2020-06-13,1
Asclepias speciosa Torr.,47.454647,-120.325858,Asclepias speciosa Torr.,FR,NA,2020,6,13,2020-06-13,1
Asclepias speciosa Torr.,39.758487,-104.879209,Asclepias speciosa Torr.,FR,NA,2020,6,20,2020-06-20,1
Asclepias speciosa Torr.,40.040749,-105.234877,Asclepias speciosa Torr.,FR,NA,2020,6,21,2020-06-21,1
Asclepias speciosa Torr.,43.682482,-111.932987,Asclepias speciosa Torr.,FR,NA,2020,6,22,2020-06-22,1
Asclepias speciosa Torr.,39.76322,-105.14429,Asclepias speciosa Torr.,FR,NA,2020,6,4,2020-06-04,1
Asclepias speciosa Torr.,39.773559,-105.134389,Asclepias speciosa Torr.,FR,NA,2020,6,23,2020-06-23,1
Asclepias speciosa Torr.,39.911825,-105.013076,Asclepias speciosa Torr.,FR,NA,2020,6,18,2020-06-18,1
Asclepias speciosa Torr.,40.748294,-111.81755,Asclepias speciosa Torr.,FR,NA,2020,6,14,2020-06-14,1
Asclepias speciosa Torr.,41.177783,-112.00013,Asclepias speciosa Torr.,FR,NA,2020,6,16,2020-06-16,1
Asclepias speciosa Torr.,42.226759,-122.753947,Asclepias speciosa Torr.,FR,NA,2020,6,22,2020-06-22,1
Asclepias speciosa Torr.,38.485133,-107.896309,Asclepias speciosa Torr.,FR,NA,2020,6,10,2020-06-10,1
Asclepias speciosa Torr.,44.040933,-123.245675,Asclepias speciosa Torr.,FR,NA,2020,6,30,2020-06-30,1
Asclepias speciosa Torr.,39.942918,-104.746197,Asclepias speciosa Torr.,FR,NA,2020,6,27,2020-06-27,1
Asclepias speciosa Torr.,39.834805,-104.975297,Asclepias speciosa Torr.,FR,NA,2020,6,24,2020-06-24,1
Asclepias speciosa Torr.,39.564287,-107.511239,Asclepias speciosa Torr.,FR,NA,2020,6,16,2020-06-16,1
Asclepias speciosa Torr.,49.013566,-119.455264,Asclepias speciosa Torr.,FR,NA,2020,6,29,2020-06-29,1
Asclepias speciosa Torr.,43.611389,-116.227778,Asclepias speciosa Torr.,FR,NA,2020,6,21,2020-06-21,1
Asclepias speciosa Torr.,40.537565,-105.050975,Asclepias speciosa Torr.,FR,NA,2020,6,26,2020-06-26,1
Asclepias speciosa Torr.,39.492478,-119.84407,Asclepias speciosa Torr.,FR,NA,2020,6,13,2020-06-13,1
Asclepias speciosa Torr.,37.958175,-122.360879,Asclepias speciosa Torr.,FR,NA,2020,6,26,2020-06-26,1
Asclepias speciosa Torr.,39.937052,-104.753258,Asclepias speciosa Torr.,FR,NA,2020,6,19,2020-06-19,1
Asclepias speciosa Torr.,40.411974,-111.782446,Asclepias speciosa Torr.,FR,NA,2020,6,20,2020-06-20,1
Asclepias speciosa Torr.,43.698373,-111.920807,Asclepias speciosa Torr.,FR,NA,2020,6,29,2020-06-29,1
Asclepias speciosa Torr.,42.842969,-106.394571,Asclepias speciosa Torr.,FR,NA,2020,6,21,2020-06-21,1
Asclepias speciosa Torr.,45.837834,-108.460659,Asclepias speciosa Torr.,FR,NA,2020,6,30,2020-06-30,1
Asclepias speciosa Torr.,39.682863,-104.832983,Asclepias speciosa Torr.,FR,NA,2020,6,27,2020-06-27,1
Asclepias speciosa Torr.,39.671071,-104.858652,Asclepias speciosa Torr.,FR,NA,2020,6,9,2020-06-09,1
Asclepias speciosa Torr.,41.097048,-112.067787,Asclepias speciosa Torr.,FR,NA,2020,6,10,2020-06-10,1
Asclepias speciosa Torr.,43.942871,-116.734558,Asclepias speciosa Torr.,FR,NA,2020,6,20,2020-06-20,1
Asclepias speciosa Torr.,40.039378,-105.188028,Asclepias speciosa Torr.,FR,NA,2020,6,22,2020-06-22,1
Asclepias speciosa Torr.,50.748982,-120.347836,Asclepias speciosa Torr.,FR,NA,2020,6,25,2020-06-25,1
Asclepias speciosa Torr.,46.227819,-119.183465,Asclepias speciosa Torr.,FR,NA,2020,6,24,2020-06-24,1
Asclepias speciosa Torr.,39.921886,-105.082276,Asclepias speciosa Torr.,FR,NA,2020,6,18,2020-06-18,1
Asclepias speciosa Torr.,43.606367,-116.160475,Asclepias speciosa Torr.,FR,NA,2020,6,7,2020-06-07,1
Asclepias speciosa Torr.,39.269912,-107.227263,Asclepias speciosa Torr.,FR,NA,2020,6,21,2020-06-21,1
Asclepias speciosa Torr.,40.415679,-111.780649,Asclepias speciosa Torr.,FR,NA,2020,6,21,2020-06-21,1
Asclepias speciosa Torr.,40.511404,-111.962571,Asclepias speciosa Torr.,FR,NA,2020,6,24,2020-06-24,1
Asclepias speciosa Torr.,39.604507,-104.919584,Asclepias speciosa Torr.,FR,NA,2020,6,19,2020-06-19,1
Asclepias speciosa Torr.,41.097048,-112.067787,Asclepias speciosa Torr.,FR,NA,2020,6,10,2020-06-10,1
Asclepias speciosa Torr.,44.992717,-122.791758,Asclepias speciosa Torr.,FR,NA,2020,6,27,2020-06-27,1
Asclepias speciosa Torr.,38.912209,-104.819122,Asclepias speciosa Torr.,FR,NA,2020,6,14,2020-06-14,1
Asclepias speciosa Torr.,39.616945,-104.823994,Asclepias speciosa Torr.,FR,NA,2020,6,22,2020-06-22,1
Asclepias speciosa Torr.,39.737349,-104.950514,Asclepias speciosa Torr.,FR,NA,2020,6,11,2020-06-11,1
Asclepias speciosa Torr.,43.541338,-116.152727,Asclepias speciosa Torr.,FR,NA,2020,6,18,2020-06-18,1
Asclepias speciosa Torr.,40.046083,-105.238039,Asclepias speciosa Torr.,FR,NA,2020,6,18,2020-06-18,1
Asclepias speciosa Torr.,39.613167,-104.734047,Asclepias speciosa Torr.,FR,NA,2020,6,19,2020-06-19,1
Asclepias speciosa Torr.,39.518741,-104.75086,Asclepias speciosa Torr.,FR,NA,2020,6,20,2020-06-20,1
Asclepias speciosa Torr.,40.049759,-105.110255,Asclepias speciosa Torr.,FR,NA,2020,6,29,2020-06-29,1
Asclepias speciosa Torr.,45.716829,-108.885249,Asclepias speciosa Torr.,FR,NA,2020,6,27,2020-06-27,1
Asclepias speciosa Torr.,43.60188,-116.1846,Asclepias speciosa Torr.,FR,NA,2020,6,28,2020-06-28,1
Asclepias speciosa Torr.,38.771065,-104.852741,Asclepias speciosa Torr.,FR,NA,2020,6,10,2020-06-10,1
Asclepias speciosa Torr.,39.751118,-105.088517,Asclepias speciosa Torr.,FR,NA,2020,6,13,2020-06-13,1
Asclepias speciosa Torr.,39.755689,-105.138503,Asclepias speciosa Torr.,FR,NA,2020,6,26,2020-06-26,1
Asclepias speciosa Torr.,39.613167,-104.734047,Asclepias speciosa Torr.,FR,NA,2020,6,19,2020-06-19,1
Asclepias speciosa Torr.,39.880542,-104.797152,Asclepias speciosa Torr.,FR,NA,2020,6,21,2020-06-21,1
Asclepias speciosa Torr.,46.301229,-119.807898,Asclepias speciosa Torr.,FR,NA,2020,6,22,2020-06-22,1
Asclepias speciosa Torr.,45.541371,-122.608404,Asclepias speciosa Torr.,FR,NA,2020,6,11,2020-06-11,1
Asclepias speciosa Torr.,39.61223,-104.731828,Asclepias speciosa Torr.,FR,NA,2020,6,30,2020-06-30,1
Asclepias speciosa Torr.,40.443922,-104.786574,Asclepias speciosa Torr.,FR,NA,2020,6,28,2020-06-28,1
Asclepias speciosa Torr.,40.573564,-111.965687,Asclepias speciosa Torr.,FR,NA,2020,6,20,2020-06-20,1
Asclepias speciosa Torr.,40.781089,-111.880359,Asclepias speciosa Torr.,FR,NA,2020,6,20,2020-06-20,1
Asclepias speciosa Torr.,39.591476,-104.796566,Asclepias speciosa Torr.,FR,NA,2020,6,13,2020-06-13,1
Asclepias speciosa Torr.,39.755606,-105.006888,Asclepias speciosa Torr.,FR,NA,2020,6,28,2020-06-28,1
Asclepias speciosa Torr.,39.570792,-104.97547900000001,Asclepias speciosa Torr.,FR,NA,2020,6,29,2020-06-29,1
Asclepias speciosa Torr.,49.681722,-112.831539,Asclepias speciosa Torr.,FR,NA,2020,6,29,2020-06-29,1
Asclepias speciosa Torr.,41.715563,-111.847585,Asclepias speciosa Torr.,FR,NA,2020,6,21,2020-06-21,1
Asclepias speciosa Torr.,39.756746,-104.842947,Asclepias speciosa Torr.,FR,NA,2020,6,21,2020-06-21,1
Asclepias speciosa Torr.,42.288159,-123.22857,Asclepias speciosa Torr.,FR,NA,2020,6,28,2020-06-28,1
Asclepias speciosa Torr.,39.933416,-104.760246,Asclepias speciosa Torr.,FR,NA,2020,6,15,2020-06-15,1
Asclepias speciosa Torr.,39.651993,-106.932533,Asclepias speciosa Torr.,FR,NA,2020,6,18,2020-06-18,1
Asclepias speciosa Torr.,39.018362,-104.790824,Asclepias speciosa Torr.,FR,NA,2020,6,22,2020-06-22,1
Asclepias speciosa Torr.,39.961904,-104.954325,Asclepias speciosa Torr.,FR,NA,2020,6,24,2020-06-24,1
Asclepias speciosa Torr.,49.897253,-96.384565,Asclepias speciosa Torr.,FR,NA,2020,7,8,2020-07-08,1
Asclepias speciosa Torr.,45.536742,-122.407772,Asclepias speciosa Torr.,FR,NA,2020,7,22,2020-07-22,1
Asclepias speciosa Torr.,44.3921,-104.399326,Asclepias speciosa Torr.,FR,NA,2020,7,10,2020-07-10,1
Asclepias speciosa Torr.,42.217092,-87.920125,Asclepias speciosa Torr.,FR,NA,2020,7,5,2020-07-05,1
Asclepias speciosa Torr.,38.808235,-104.843603,Asclepias speciosa Torr.,FR,NA,2020,7,23,2020-07-23,1
Asclepias speciosa Torr.,41.684474,-91.615294,Asclepias speciosa Torr.,FR,NA,2020,7,3,2020-07-03,1
Asclepias speciosa Torr.,43.51719,-112.083686,Asclepias speciosa Torr.,FR,NA,2020,7,2,2020-07-02,1
Asclepias speciosa Torr.,49.458889,-103.805278,Asclepias speciosa Torr.,FR,NA,2020,7,11,2020-07-11,1
Asclepias speciosa Torr.,47.490174,-111.302352,Asclepias speciosa Torr.,FR,NA,2020,7,4,2020-07-04,1
Asclepias speciosa Torr.,44.060515,-103.292442,Asclepias speciosa Torr.,FR,NA,2020,7,2,2020-07-02,1
Asclepias speciosa Torr.,47.004444,-120.540278,Asclepias speciosa Torr.,FR,NA,2020,7,4,2020-07-04,1
Asclepias speciosa Torr.,39.333686,-104.743965,Asclepias speciosa Torr.,FR,NA,2020,7,4,2020-07-04,1
Asclepias speciosa Torr.,43.51719,-112.083686,Asclepias speciosa Torr.,FR,NA,2020,7,2,2020-07-02,1
Asclepias speciosa Torr.,49.390012,-119.589994,Asclepias speciosa Torr.,FR,NA,2020,7,26,2020-07-26,1
Asclepias speciosa Torr.,47.644114,-115.41182,Asclepias speciosa Torr.,FR,NA,2020,7,26,2020-07-26,1
Asclepias speciosa Torr.,45.463488,-122.748775,Asclepias speciosa Torr.,FR,NA,2020,7,1,2020-07-01,1
Asclepias speciosa Torr.,39.973433,-105.270914,Asclepias speciosa Torr.,FR,NA,2020,7,7,2020-07-07,1
Asclepias speciosa Torr.,43.591111,-116.2725,Asclepias speciosa Torr.,FR,NA,2020,7,20,2020-07-20,1
Asclepias speciosa Torr.,39.623535,-104.836525,Asclepias speciosa Torr.,FR,NA,2020,7,3,2020-07-03,1
Asclepias speciosa Torr.,49.205278,-119.548333,Asclepias speciosa Torr.,FR,NA,2020,7,3,2020-07-03,1
Asclepias speciosa Torr.,40.828048,-111.655004,Asclepias speciosa Torr.,FR,NA,2020,7,5,2020-07-05,1
Asclepias speciosa Torr.,39.934419,-104.752569,Asclepias speciosa Torr.,FR,NA,2020,7,4,2020-07-04,1
Asclepias speciosa Torr.,44.992717,-122.791758,Asclepias speciosa Torr.,FR,NA,2020,7,3,2020-07-03,1
Asclepias speciosa Torr.,45.794732,-108.506932,Asclepias speciosa Torr.,FR,NA,2020,7,1,2020-07-01,1
Asclepias speciosa Torr.,39.781939,-105.15228,Asclepias speciosa Torr.,FR,NA,2020,7,3,2020-07-03,1
Asclepias speciosa Torr.,39.644977,-104.751381,Asclepias speciosa Torr.,FR,NA,2020,7,13,2020-07-13,1
Asclepias speciosa Torr.,45.549706,-122.592989,Asclepias speciosa Torr.,FR,NA,2020,7,6,2020-07-06,1
Asclepias speciosa Torr.,39.976294,-105.196077,Asclepias speciosa Torr.,FR,NA,2020,7,5,2020-07-05,1
Asclepias speciosa Torr.,47.185151,-120.890791,Asclepias speciosa Torr.,FR,NA,2020,7,3,2020-07-03,1
Asclepias speciosa Torr.,36.73939,-106.451702,Asclepias speciosa Torr.,FR,NA,2020,7,7,2020-07-07,1
Asclepias speciosa Torr.,43.668241,-116.261242,Asclepias speciosa Torr.,FR,NA,2020,7,19,2020-07-19,1
Asclepias speciosa Torr.,37.543026,-119.648434,Asclepias speciosa Torr.,FR,NA,2020,7,22,2020-07-22,1
Asclepias speciosa Torr.,42.857999,-106.178121,Asclepias speciosa Torr.,FR,NA,2020,7,5,2020-07-05,1
Asclepias speciosa Torr.,49.867322,-119.46586,Asclepias speciosa Torr.,FR,NA,2020,7,11,2020-07-11,1
Asclepias speciosa Torr.,39.449783,-104.742139,Asclepias speciosa Torr.,FR,NA,2020,7,3,2020-07-03,1
Asclepias speciosa Torr.,46.494581,-114.066804,Asclepias speciosa Torr.,FR,NA,2020,7,10,2020-07-10,1
Asclepias speciosa Torr.,39.623535,-104.836525,Asclepias speciosa Torr.,FR,NA,2020,7,9,2020-07-09,1
Asclepias speciosa Torr.,40.518314,-111.479198,Asclepias speciosa Torr.,FR,NA,2020,7,11,2020-07-11,1
Asclepias speciosa Torr.,43.013931,-108.774743,Asclepias speciosa Torr.,FR,NA,2020,7,28,2020-07-28,1
Asclepias speciosa Torr.,41.410652,-102.339428,Asclepias speciosa Torr.,FR,NA,2020,7,2,2020-07-02,1
Asclepias speciosa Torr.,50.326082,-119.23683,Asclepias speciosa Torr.,FR,NA,2020,7,4,2020-07-04,1
Asclepias speciosa Torr.,42.821077,-106.372524,Asclepias speciosa Torr.,FR,NA,2020,7,4,2020-07-04,1
Asclepias speciosa Torr.,40.796231,-111.710867,Asclepias speciosa Torr.,FR,NA,2020,7,8,2020-07-08,1
Asclepias speciosa Torr.,49.938238,-119.446822,Asclepias speciosa Torr.,FR,NA,2020,7,10,2020-07-10,1
Asclepias speciosa Torr.,39.667641,-105.263786,Asclepias speciosa Torr.,FR,NA,2020,7,6,2020-07-06,1
Asclepias speciosa Torr.,47.51154,-111.301508,Asclepias speciosa Torr.,FR,NA,2020,7,7,2020-07-07,1
Asclepias speciosa Torr.,45.552809,-122.559227,Asclepias speciosa Torr.,FR,NA,2020,7,3,2020-07-03,1
Asclepias speciosa Torr.,43.739192,-103.378111,Asclepias speciosa Torr.,FR,NA,2020,7,12,2020-07-12,1
Asclepias speciosa Torr.,44.516334,-103.863076,Asclepias speciosa Torr.,FR,NA,2020,7,5,2020-07-05,1
Asclepias speciosa Torr.,49.887394,-119.42749,Asclepias speciosa Torr.,FR,NA,2020,7,5,2020-07-05,1
Asclepias speciosa Torr.,49.869444,-119.435556,Asclepias speciosa Torr.,FR,NA,2020,7,7,2020-07-07,1
Asclepias speciosa Torr.,49.501617,-113.329194,Asclepias speciosa Torr.,FR,NA,2020,7,4,2020-07-04,1
Asclepias speciosa Torr.,38.819621,-104.732811,Asclepias speciosa Torr.,FR,NA,2020,7,6,2020-07-06,1
Asclepias speciosa Torr.,39.995168,-105.216539,Asclepias speciosa Torr.,FR,NA,2020,7,2,2020-07-02,1
Asclepias speciosa Torr.,47.07211,-100.283837,Asclepias speciosa Torr.,FR,NA,2020,7,2,2020-07-02,1
Asclepias speciosa Torr.,49.966172,-110.56908,Asclepias speciosa Torr.,FR,NA,2020,7,1,2020-07-01,1
Asclepias speciosa Torr.,49.689876,-112.85535,Asclepias speciosa Torr.,FR,NA,2020,7,5,2020-07-05,1
Asclepias speciosa Torr.,47.666434,-104.13132,Asclepias speciosa Torr.,FR,NA,2020,7,8,2020-07-08,1
Asclepias speciosa Torr.,43.584411,-116.156606,Asclepias speciosa Torr.,FR,NA,2020,7,21,2020-07-21,1
Asclepias speciosa Torr.,49.696945,-112.859702,Asclepias speciosa Torr.,FR,NA,2020,7,9,2020-07-09,1
Asclepias speciosa Torr.,46.929424,-120.341085,Asclepias speciosa Torr.,FR,NA,2020,7,2,2020-07-02,1
Asclepias speciosa Torr.,40.745556,-111.586111,Asclepias speciosa Torr.,FR,NA,2020,7,19,2020-07-19,1
Asclepias speciosa Torr.,46.683042,-117.066931,Asclepias speciosa Torr.,FR,NA,2020,7,21,2020-07-21,1
Asclepias speciosa Torr.,38.924461,-104.816833,Asclepias speciosa Torr.,FR,NA,2020,7,5,2020-07-05,1
Asclepias speciosa Torr.,39.515896,-118.759571,Asclepias speciosa Torr.,FR,NA,2020,7,19,2020-07-19,1
Asclepias speciosa Torr.,46.548858,-120.411343,Asclepias speciosa Torr.,FR,NA,2020,7,16,2020-07-16,1
Asclepias speciosa Torr.,45.543561,-122.651275,Asclepias speciosa Torr.,FR,NA,2020,7,7,2020-07-07,1
Asclepias speciosa Torr.,38.819621,-104.732811,Asclepias speciosa Torr.,FR,NA,2020,7,6,2020-07-06,1
Asclepias speciosa Torr.,49.816615,-112.093242,Asclepias speciosa Torr.,FR,NA,2020,7,16,2020-07-16,1
Asclepias speciosa Torr.,39.990456,-105.149017,Asclepias speciosa Torr.,FR,NA,2020,7,19,2020-07-19,1
Asclepias speciosa Torr.,48.229549,-116.563654,Asclepias speciosa Torr.,FR,NA,2020,7,28,2020-07-28,1
Asclepias speciosa Torr.,39.623535,-104.836525,Asclepias speciosa Torr.,FR,NA,2020,7,1,2020-07-01,1
Asclepias speciosa Torr.,40.828048,-111.655004,Asclepias speciosa Torr.,FR,NA,2020,7,2,2020-07-02,1
Asclepias speciosa Torr.,40.24832,-105.218049,Asclepias speciosa Torr.,FR,NA,2020,7,10,2020-07-10,1
Asclepias speciosa Torr.,49.887394,-119.42749,Asclepias speciosa Torr.,FR,NA,2020,7,5,2020-07-05,1
Asclepias speciosa Torr.,39.933152,-104.888741,Asclepias speciosa Torr.,FR,NA,2020,7,17,2020-07-17,1
Asclepias speciosa Torr.,40.527173,-105.098822,Asclepias speciosa Torr.,FR,NA,2020,7,2,2020-07-02,1
Asclepias speciosa Torr.,46.561291,-107.885639,Asclepias speciosa Torr.,FR,NA,2020,7,2,2020-07-02,1
Asclepias speciosa Torr.,40.366458,-105.561059,Asclepias speciosa Torr.,FR,NA,2020,7,12,2020-07-12,1
Asclepias speciosa Torr.,39.467135,-104.886886,Asclepias speciosa Torr.,FR,NA,2020,7,6,2020-07-06,1
Asclepias speciosa Torr.,41.963801,-111.399445,Asclepias speciosa Torr.,FR,NA,2020,7,22,2020-07-22,1
Asclepias speciosa Torr.,40.606767,-111.859877,Asclepias speciosa Torr.,FR,NA,2020,7,18,2020-07-18,1
Asclepias speciosa Torr.,39.805598,-105.258872,Asclepias speciosa Torr.,FR,NA,2020,7,3,2020-07-03,1
Asclepias speciosa Torr.,39.613535,-104.88128,Asclepias speciosa Torr.,FR,NA,2020,7,4,2020-07-04,1
Asclepias speciosa Torr.,43.013994,-108.774612,Asclepias speciosa Torr.,FR,NA,2020,7,28,2020-07-28,1
Asclepias speciosa Torr.,39.742916,-105.445459,Asclepias speciosa Torr.,FR,NA,2020,7,8,2020-07-08,1
Asclepias speciosa Torr.,50.137445,-120.736858,Asclepias speciosa Torr.,FR,NA,2020,7,8,2020-07-08,1
Asclepias speciosa Torr.,50.694167,-120.370278,Asclepias speciosa Torr.,FR,NA,2020,7,13,2020-07-13,1
Asclepias speciosa Torr.,44.463601,-108.455759,Asclepias speciosa Torr.,FR,NA,2020,7,27,2020-07-27,1
Asclepias speciosa Torr.,50.311323,-119.229707,Asclepias speciosa Torr.,FR,NA,2020,7,15,2020-07-15,1
Asclepias speciosa Torr.,49.814017,-112.926292,Asclepias speciosa Torr.,FR,NA,2020,7,17,2020-07-17,1
Asclepias speciosa Torr.,39.928867,-105.009666,Asclepias speciosa Torr.,FR,NA,2020,7,8,2020-07-08,1
Asclepias speciosa Torr.,43.314908,-123.294966,Asclepias speciosa Torr.,FR,NA,2020,7,9,2020-07-09,1
Asclepias speciosa Torr.,39.614112,-104.926214,Asclepias speciosa Torr.,FR,NA,2020,7,3,2020-07-03,1
Asclepias speciosa Torr.,49.70332,-112.868956,Asclepias speciosa Torr.,FR,NA,2020,7,15,2020-07-15,1
Asclepias speciosa Torr.,46.704904,-117.129591,Asclepias speciosa Torr.,FR,NA,2020,7,17,2020-07-17,1
Asclepias speciosa Torr.,50.22925,-119.111271,Asclepias speciosa Torr.,FR,NA,2020,7,2,2020-07-02,1
Asclepias speciosa Torr.,40.828048,-111.655004,Asclepias speciosa Torr.,FR,NA,2020,7,1,2020-07-01,1
Asclepias speciosa Torr.,43.51719,-112.083686,Asclepias speciosa Torr.,FR,NA,2020,7,1,2020-07-01,1
Asclepias speciosa Torr.,50.023834,-110.684738,Asclepias speciosa Torr.,FR,NA,2020,7,12,2020-07-12,1
Asclepias speciosa Torr.,40.390045,-105.562906,Asclepias speciosa Torr.,FR,NA,2020,7,14,2020-07-14,1
Asclepias speciosa Torr.,39.627815,-104.839901,Asclepias speciosa Torr.,FR,NA,2020,7,14,2020-07-14,1
Asclepias speciosa Torr.,47.677516,-117.340169,Asclepias speciosa Torr.,FR,NA,2020,7,2,2020-07-02,1
Asclepias speciosa Torr.,40.539847,-105.080392,Asclepias speciosa Torr.,FR,NA,2020,7,7,2020-07-07,1
Asclepias speciosa Torr.,37.744031,-119.592945,Asclepias speciosa Torr.,FR,NA,2020,7,11,2020-07-11,1
Asclepias speciosa Torr.,46.561291,-107.885639,Asclepias speciosa Torr.,FR,NA,2020,7,2,2020-07-02,1
Asclepias speciosa Torr.,50.023099,-110.693079,Asclepias speciosa Torr.,FR,NA,2020,7,20,2020-07-20,1
Asclepias speciosa Torr.,44.083676,-121.259388,Asclepias speciosa Torr.,FR,NA,2020,7,11,2020-07-11,1
Asclepias speciosa Torr.,50.694167,-120.370278,Asclepias speciosa Torr.,FR,NA,2020,7,13,2020-07-13,1
Asclepias speciosa Torr.,42.088516,-124.199723,Asclepias speciosa Torr.,FR,NA,2020,7,8,2020-07-08,1
Asclepias speciosa Torr.,43.640868,-116.696951,Asclepias speciosa Torr.,FR,NA,2020,7,9,2020-07-09,1
Asclepias speciosa Torr.,44.051973,-121.321434,Asclepias speciosa Torr.,FR,NA,2020,7,11,2020-07-11,1
Asclepias speciosa Torr.,41.130893,-104.907714,Asclepias speciosa Torr.,FR,NA,2020,7,2,2020-07-02,1
Asclepias speciosa Torr.,45.391261,-109.114728,Asclepias speciosa Torr.,FR,NA,2020,7,3,2020-07-03,1
Asclepias speciosa Torr.,49.890301,-110.664409,Asclepias speciosa Torr.,FR,NA,2020,7,2,2020-07-02,1
Asclepias speciosa Torr.,39.42921,-105.063223,Asclepias speciosa Torr.,FR,NA,2020,7,19,2020-07-19,1
Asclepias speciosa Torr.,39.462137,-105.088467,Asclepias speciosa Torr.,FR,NA,2020,7,15,2020-07-15,1
Asclepias speciosa Torr.,45.438608,-122.702593,Asclepias speciosa Torr.,FR,NA,2020,7,7,2020-07-07,1
Asclepias speciosa Torr.,49.878733,-119.424982,Asclepias speciosa Torr.,FR,NA,2020,7,9,2020-07-09,1
Asclepias speciosa Torr.,47.636733,-117.373104,Asclepias speciosa Torr.,FR,NA,2020,7,10,2020-07-10,1
Asclepias speciosa Torr.,49.875056,-99.939535,Asclepias speciosa Torr.,FR,NA,2020,7,27,2020-07-27,1
Asclepias speciosa Torr.,51.046334,-114.011074,Asclepias speciosa Torr.,FR,NA,2020,7,15,2020-07-15,1
Asclepias speciosa Torr.,40.58926,-111.832344,Asclepias speciosa Torr.,FR,NA,2020,7,30,2020-07-30,1
Asclepias speciosa Torr.,44.764256,-117.168133,Asclepias speciosa Torr.,FR,NA,2020,7,5,2020-07-05,1
Asclepias speciosa Torr.,46.839212,-114.057699,Asclepias speciosa Torr.,FR,NA,2020,7,15,2020-07-15,1
Asclepias speciosa Torr.,40.58371,-105.104308,Asclepias speciosa Torr.,FR,NA,2020,7,6,2020-07-06,1
Asclepias speciosa Torr.,47.528028,-111.239175,Asclepias speciosa Torr.,FR,NA,2020,7,12,2020-07-12,1
Asclepias speciosa Torr.,50.232701,-112.844828,Asclepias speciosa Torr.,FR,NA,2020,7,12,2020-07-12,1
Asclepias speciosa Torr.,48.493881,-120.163456,Asclepias speciosa Torr.,FR,NA,2020,7,14,2020-07-14,1
Asclepias speciosa Torr.,46.268916,-114.15392,Asclepias speciosa Torr.,FR,NA,2020,7,10,2020-07-10,1
Asclepias speciosa Torr.,43.995087,-103.330956,Asclepias speciosa Torr.,FR,NA,2020,7,13,2020-07-13,1
Asclepias speciosa Torr.,47.198193,-102.707485,Asclepias speciosa Torr.,FR,NA,2020,7,23,2020-07-23,1
Asclepias speciosa Torr.,50.443393,-119.205829,Asclepias speciosa Torr.,FR,NA,2020,7,13,2020-07-13,1
Asclepias speciosa Torr.,39.856497,-105.134663,Asclepias speciosa Torr.,FR,NA,2020,7,15,2020-07-15,1
Asclepias speciosa Torr.,39.973433,-105.270914,Asclepias speciosa Torr.,FR,NA,2020,7,7,2020-07-07,1
Asclepias speciosa Torr.,40.125833,-105.295078,Asclepias speciosa Torr.,FR,NA,2020,7,4,2020-07-04,1
Asclepias speciosa Torr.,40.796231,-111.710867,Asclepias speciosa Torr.,FR,NA,2020,7,27,2020-07-27,1
Asclepias speciosa Torr.,42.997222,-120.749444,Asclepias speciosa Torr.,FR,NA,2020,7,14,2020-07-14,1
Asclepias speciosa Torr.,49.999619,-110.624237,Asclepias speciosa Torr.,FR,NA,2020,7,11,2020-07-11,1
Asclepias speciosa Torr.,46.548947,-120.411326,Asclepias speciosa Torr.,FR,NA,2020,7,16,2020-07-16,1
Asclepias speciosa Torr.,40.688802,-105.006795,Asclepias speciosa Torr.,FR,NA,2020,7,11,2020-07-11,1
Asclepias speciosa Torr.,39.698869,-105.192176,Asclepias speciosa Torr.,FR,NA,2020,7,5,2020-07-05,1
Asclepias speciosa Torr.,45.492486,-122.865254,Asclepias speciosa Torr.,FR,NA,2020,7,21,2020-07-21,1
Asclepias speciosa Torr.,39.896256,-105.020778,Asclepias speciosa Torr.,FR,NA,2020,7,1,2020-07-01,1
Asclepias speciosa Torr.,39.933285,-104.889307,Asclepias speciosa Torr.,FR,NA,2020,7,1,2020-07-01,1
Asclepias speciosa Torr.,41.524086,-111.181349,Asclepias speciosa Torr.,FR,NA,2020,7,31,2020-07-31,1
Asclepias speciosa Torr.,41.714886,-112.209938,Asclepias speciosa Torr.,FR,NA,2020,7,12,2020-07-12,1
Asclepias speciosa Torr.,50.694167,-120.370278,Asclepias speciosa Torr.,FR,NA,2020,7,13,2020-07-13,1
Asclepias speciosa Torr.,46.173339,-119.162639,Asclepias speciosa Torr.,FR,NA,2020,7,20,2020-07-20,1
Asclepias speciosa Torr.,44.463601,-108.455759,Asclepias speciosa Torr.,FR,NA,2020,7,27,2020-07-27,1
Asclepias speciosa Torr.,37.543026,-119.648434,Asclepias speciosa Torr.,FR,NA,2020,7,21,2020-07-21,1
Asclepias speciosa Torr.,49.875056,-99.939535,Asclepias speciosa Torr.,FR,NA,2020,7,27,2020-07-27,1
Asclepias speciosa Torr.,49.884109,-119.474945,Asclepias speciosa Torr.,FR,NA,2020,8,2,2020-08-02,1
Asclepias speciosa Torr.,43.843346,-104.179365,Asclepias speciosa Torr.,FR,NA,2020,8,12,2020-08-12,1
Asclepias speciosa Torr.,42.367111,-83.335142,Asclepias speciosa Torr.,FR,NA,2020,8,5,2020-08-05,1
Asclepias speciosa Torr.,45.746799,-94.194137,Asclepias speciosa Torr.,FR,NA,2020,8,8,2020-08-08,1
Asclepias speciosa Torr.,40.855572,-111.603991,Asclepias speciosa Torr.,FR,NA,2020,8,1,2020-08-01,1
Asclepias speciosa Torr.,47.114085,-104.735884,Asclepias speciosa Torr.,FR,NA,2020,8,2,2020-08-02,1
Asclepias speciosa Torr.,48.494831,-115.911501,Asclepias speciosa Torr.,FR,NA,2020,8,22,2020-08-22,1
Asclepias speciosa Torr.,40.855572,-111.603991,Asclepias speciosa Torr.,FR,NA,2020,8,1,2020-08-01,1
Asclepias speciosa Torr.,39.814557,-105.183344,Asclepias speciosa Torr.,FR,NA,2020,8,6,2020-08-06,1
Asclepias speciosa Torr.,49.821629,-97.135754,Asclepias speciosa Torr.,FR,NA,2020,9,3,2020-09-03,1
Asclepias speciosa Torr.,49.689722,-112.851667,Asclepias speciosa Torr.,FR,NA,2020,9,25,2020-09-25,1
Asclepias speciosa Torr.,37.712968,-97.406537,Asclepias speciosa Torr.,FR,NA,2019,5,30,2019-05-30,1
Asclepias speciosa Torr.,46.229491,-119.232588,Asclepias speciosa Torr.,FR,NA,2019,5,29,2019-05-29,1
Asclepias speciosa Torr.,40.668679,-98.888713,Asclepias speciosa Torr.,FR,NA,2019,6,19,2019-06-19,1
Asclepias speciosa Torr.,40.441069,-104.759216,Asclepias speciosa Torr.,FR,NA,2019,6,25,2019-06-25,1
Asclepias speciosa Torr.,43.1904,-89.187556,Asclepias speciosa Torr.,FR,NA,2019,6,29,2019-06-29,1
Asclepias speciosa Torr.,41.110398000000004,-121.456795,Asclepias speciosa Torr.,FR,NA,2019,6,24,2019-06-24,1
Asclepias speciosa Torr.,47.67,-120.215556,Asclepias speciosa Torr.,FR,NA,2019,6,26,2019-06-26,1
Asclepias speciosa Torr.,42.137224,-88.009647,Asclepias speciosa Torr.,FR,NA,2019,6,14,2019-06-14,1
Asclepias speciosa Torr.,43.630144,-116.310158,Asclepias speciosa Torr.,FR,NA,2019,6,14,2019-06-14,1
Asclepias speciosa Torr.,45.927755,-119.296201,Asclepias speciosa Torr.,FR,NA,2019,6,11,2019-06-11,1
Asclepias speciosa Torr.,49.31414,-119.546028,Asclepias speciosa Torr.,FR,NA,2019,6,11,2019-06-11,1
Asclepias speciosa Torr.,49.575195,-119.669661,Asclepias speciosa Torr.,FR,NA,2019,6,9,2019-06-09,1
Asclepias speciosa Torr.,50.756791,-120.864433,Asclepias speciosa Torr.,FR,NA,2019,6,10,2019-06-10,1
Asclepias speciosa Torr.,39.552652,-119.746351,Asclepias speciosa Torr.,FR,NA,2019,6,22,2019-06-22,1
Asclepias speciosa Torr.,39.803886,-105.098657,Asclepias speciosa Torr.,FR,NA,2019,6,22,2019-06-22,1
Asclepias speciosa Torr.,38.484493,-102.780165,Asclepias speciosa Torr.,FR,NA,2019,6,15,2019-06-15,1
Asclepias speciosa Torr.,40.526833,-111.919919,Asclepias speciosa Torr.,FR,NA,2019,6,28,2019-06-28,1
Asclepias speciosa Torr.,46.472277,-117.607062,Asclepias speciosa Torr.,FR,NA,2019,6,22,2019-06-22,1
Asclepias speciosa Torr.,39.803618,-105.09875,Asclepias speciosa Torr.,FR,NA,2019,6,22,2019-06-22,1
Asclepias speciosa Torr.,50.041098,-119.393139,Asclepias speciosa Torr.,FR,NA,2019,6,6,2019-06-06,1
Asclepias speciosa Torr.,53.550705,-113.477743,Asclepias speciosa Torr.,FR,NA,2019,6,29,2019-06-29,1
Asclepias speciosa Torr.,47.116526,-119.2602,Asclepias speciosa Torr.,FR,NA,2019,6,13,2019-06-13,1
Asclepias speciosa Torr.,44.580764,-89.589037,Asclepias speciosa Torr.,FR,NA,2019,6,28,2019-06-28,1
Asclepias speciosa Torr.,42.755278,-114.557778,Asclepias speciosa Torr.,FR,NA,2019,6,25,2019-06-25,1
Asclepias speciosa Torr.,39.774949,-105.026865,Asclepias speciosa Torr.,FR,NA,2019,6,22,2019-06-22,1
Asclepias speciosa Torr.,39.765556,-105.101944,Asclepias speciosa Torr.,FR,NA,2019,6,20,2019-06-20,1
Asclepias speciosa Torr.,38.737848,-104.769983,Asclepias speciosa Torr.,FR,NA,2019,6,25,2019-06-25,1
Asclepias speciosa Torr.,38.281625,-122.460666,Asclepias speciosa Torr.,FR,NA,2019,6,22,2019-06-22,1
Asclepias speciosa Torr.,47.800373,-117.590802,Asclepias speciosa Torr.,FR,NA,2019,6,26,2019-06-26,1
Asclepias speciosa Torr.,44.011849,-123.050178,Asclepias speciosa Torr.,FR,NA,2019,6,25,2019-06-25,1
Asclepias speciosa Torr.,38.282329,-122.460452,Asclepias speciosa Torr.,FR,NA,2019,6,22,2019-06-22,1
Asclepias speciosa Torr.,44.567312,-123.285687,Asclepias speciosa Torr.,FR,NA,2019,6,28,2019-06-28,1
Asclepias speciosa Torr.,39.659729,-104.752258,Asclepias speciosa Torr.,FR,NA,2019,6,30,2019-06-30,1
Asclepias speciosa Torr.,39.537783,-105.013489,Asclepias speciosa Torr.,FR,NA,2019,6,29,2019-06-29,1
Asclepias speciosa Torr.,44.009514,-123.034529,Asclepias speciosa Torr.,FR,NA,2019,6,25,2019-06-25,1
Asclepias speciosa Torr.,39.763898,-105.004255,Asclepias speciosa Torr.,FR,NA,2019,6,22,2019-06-22,1
Asclepias speciosa Torr.,50.029608,-119.497074,Asclepias speciosa Torr.,FR,NA,2019,6,25,2019-06-25,1
Asclepias speciosa Torr.,39.432622,-118.848898,Asclepias speciosa Torr.,FR,NA,2019,6,25,2019-06-25,1
Asclepias speciosa Torr.,43.566945,-116.138573,Asclepias speciosa Torr.,FR,NA,2019,6,28,2019-06-28,1
Asclepias speciosa Torr.,45.575942,-122.714039,Asclepias speciosa Torr.,FR,NA,2019,6,23,2019-06-23,1
Asclepias speciosa Torr.,50.72287,-121.280227,Asclepias speciosa Torr.,FR,NA,2019,6,24,2019-06-24,1
Asclepias speciosa Torr.,46.249736,-119.258197,Asclepias speciosa Torr.,FR,NA,2019,6,23,2019-06-23,1
Asclepias speciosa Torr.,41.834753,-103.670307,Asclepias speciosa Torr.,FR,NA,2019,6,26,2019-06-26,1
Asclepias speciosa Torr.,39.803829,-105.098703,Asclepias speciosa Torr.,FR,NA,2019,6,24,2019-06-24,1
Asclepias speciosa Torr.,50.757929,-120.814109,Asclepias speciosa Torr.,FR,NA,2019,6,25,2019-06-25,1
Asclepias speciosa Torr.,49.390096,-119.588861,Asclepias speciosa Torr.,FR,NA,2019,6,21,2019-06-21,1
Asclepias speciosa Torr.,46.329926,-119.995166,Asclepias speciosa Torr.,FR,NA,2019,6,27,2019-06-27,1
Asclepias speciosa Torr.,45.515432,-122.715824,Asclepias speciosa Torr.,FR,NA,2019,6,28,2019-06-28,1
Asclepias speciosa Torr.,43.517004,-112.054652,Asclepias speciosa Torr.,FR,NA,2019,6,28,2019-06-28,1
Asclepias speciosa Torr.,45.515498,-122.715426,Asclepias speciosa Torr.,FR,NA,2019,6,26,2019-06-26,1
Asclepias speciosa Torr.,38.852349,-104.774376,Asclepias speciosa Torr.,FR,NA,2019,6,22,2019-06-22,1
Asclepias speciosa Torr.,50.721972,-121.325448,Asclepias speciosa Torr.,FR,NA,2019,6,11,2019-06-11,1
Asclepias speciosa Torr.,39.616028,-104.749789,Asclepias speciosa Torr.,FR,NA,2019,6,27,2019-06-27,1
Asclepias speciosa Torr.,47.535899,-120.511313,Asclepias speciosa Torr.,FR,NA,2019,6,9,2019-06-09,1
Asclepias speciosa Torr.,37.755227,-97.749644,Asclepias speciosa Torr.,FR,NA,2019,6,11,2019-06-11,1
Asclepias speciosa Torr.,43.649995,-108.212795,Asclepias speciosa Torr.,FR,NA,2019,6,16,2019-06-16,1
Asclepias speciosa Torr.,39.783935,-104.895828,Asclepias speciosa Torr.,FR,NA,2019,6,21,2019-06-21,1
Asclepias speciosa Torr.,44.081576,-123.169478,Asclepias speciosa Torr.,FR,NA,2019,6,18,2019-06-18,1
Asclepias speciosa Torr.,44.09145,-121.261166,Asclepias speciosa Torr.,FR,NA,2019,6,7,2019-06-07,1
Asclepias speciosa Torr.,43.940518,-116.343031,Asclepias speciosa Torr.,FR,NA,2019,6,30,2019-06-30,1
Asclepias speciosa Torr.,36.755556,-108.3775,Asclepias speciosa Torr.,FR,NA,2019,6,21,2019-06-21,1
Asclepias speciosa Torr.,43.60875,-116.173261,Asclepias speciosa Torr.,FR,NA,2019,6,22,2019-06-22,1
Asclepias speciosa Torr.,39.552651,-119.74626,Asclepias speciosa Torr.,FR,NA,2019,6,22,2019-06-22,1
Asclepias speciosa Torr.,36.473573,-105.602172,Asclepias speciosa Torr.,FR,NA,2019,6,28,2019-06-28,1
Asclepias speciosa Torr.,37.744454,-119.59348,Asclepias speciosa Torr.,FR,NA,2019,6,30,2019-06-30,1
Asclepias speciosa Torr.,45.829416,-119.657229,Asclepias speciosa Torr.,FR,NA,2019,6,6,2019-06-06,1
Asclepias speciosa Torr.,45.528839,-122.569513,Asclepias speciosa Torr.,FR,NA,2019,6,16,2019-06-16,1
Asclepias speciosa Torr.,40.027185,-105.246029,Asclepias speciosa Torr.,FR,NA,2019,6,19,2019-06-19,1
Asclepias speciosa Torr.,39.762261,-104.774394,Asclepias speciosa Torr.,FR,NA,2019,6,22,2019-06-22,1
Asclepias speciosa Torr.,44.041011,-123.097625,Asclepias speciosa Torr.,FR,NA,2019,6,15,2019-06-15,1
Asclepias speciosa Torr.,42.926649,-114.771812,Asclepias speciosa Torr.,FR,NA,2019,6,16,2019-06-16,1
Asclepias speciosa Torr.,43.517004,-112.054652,Asclepias speciosa Torr.,FR,NA,2019,6,28,2019-06-28,1
Asclepias speciosa Torr.,45.332287,-118.069984,Asclepias speciosa Torr.,FR,NA,2019,6,18,2019-06-18,1
Asclepias speciosa Torr.,47.429495,-120.302865,Asclepias speciosa Torr.,FR,NA,2019,6,1,2019-06-01,1
Asclepias speciosa Torr.,50.041098,-119.393139,Asclepias speciosa Torr.,FR,NA,2019,6,6,2019-06-06,1
Asclepias speciosa Torr.,39.950927,-105.013921,Asclepias speciosa Torr.,FR,NA,2019,6,20,2019-06-20,1
Asclepias speciosa Torr.,39.644382,-101.787569,Asclepias speciosa Torr.,FR,NA,2019,6,22,2019-06-22,1
Asclepias speciosa Torr.,44.009889,-123.034687,Asclepias speciosa Torr.,FR,NA,2019,6,13,2019-06-13,1
Asclepias speciosa Torr.,46.249746,-119.258211,Asclepias speciosa Torr.,FR,NA,2019,6,23,2019-06-23,1
Asclepias speciosa Torr.,38.852333,-104.77437,Asclepias speciosa Torr.,FR,NA,2019,6,22,2019-06-22,1
Asclepias speciosa Torr.,39.613374,-105.131412,Asclepias speciosa Torr.,FR,NA,2019,6,26,2019-06-26,1
Asclepias speciosa Torr.,47.67,-120.215556,Asclepias speciosa Torr.,FR,NA,2019,6,28,2019-06-28,1
Asclepias speciosa Torr.,49.053565999999996,-119.520233,Asclepias speciosa Torr.,FR,NA,2019,6,21,2019-06-21,1
Asclepias speciosa Torr.,40.534804,-111.900626,Asclepias speciosa Torr.,FR,NA,2019,6,23,2019-06-23,1
Asclepias speciosa Torr.,49.096772,-122.008786,Asclepias speciosa Torr.,FR,NA,2019,6,25,2019-06-25,1
Asclepias speciosa Torr.,45.332182,-118.070003,Asclepias speciosa Torr.,FR,NA,2019,6,17,2019-06-17,1
Asclepias speciosa Torr.,42.948988,-115.301281,Asclepias speciosa Torr.,FR,NA,2019,6,23,2019-06-23,1
Asclepias speciosa Torr.,36.351138,-105.647915,Asclepias speciosa Torr.,FR,NA,2019,6,24,2019-06-24,1
Asclepias speciosa Torr.,39.763898,-105.004255,Asclepias speciosa Torr.,FR,NA,2019,6,21,2019-06-21,1
Asclepias speciosa Torr.,37.574562,-97.3196,Asclepias speciosa Torr.,FR,NA,2019,6,16,2019-06-16,1
Asclepias speciosa Torr.,39.735874,-104.767886,Asclepias speciosa Torr.,FR,NA,2019,6,26,2019-06-26,1
Asclepias speciosa Torr.,47.012814,-122.889198,Asclepias speciosa Torr.,FR,NA,2019,6,27,2019-06-27,1
Asclepias speciosa Torr.,46.329926,-119.995166,Asclepias speciosa Torr.,FR,NA,2019,6,27,2019-06-27,1
Asclepias speciosa Torr.,48.839376,-119.314057,Asclepias speciosa Torr.,FR,NA,2019,6,30,2019-06-30,1
Asclepias speciosa Torr.,50.062778,-110.78054,Asclepias speciosa Torr.,FR,NA,2019,6,26,2019-06-26,1
Asclepias speciosa Torr.,39.910287,-104.983705,Asclepias speciosa Torr.,FR,NA,2019,6,20,2019-06-20,1
Asclepias speciosa Torr.,40.534804,-111.900626,Asclepias speciosa Torr.,FR,NA,2019,6,22,2019-06-22,1
Asclepias speciosa Torr.,39.61746,-105.13033,Asclepias speciosa Torr.,FR,NA,2019,6,18,2019-06-18,1
Asclepias speciosa Torr.,39.61157,-105.127529,Asclepias speciosa Torr.,FR,NA,2019,6,29,2019-06-29,1
Asclepias speciosa Torr.,51.287903,-100.008034,Asclepias speciosa Torr.,FR,NA,2019,7,6,2019-07-06,1
Asclepias speciosa Torr.,42.737581,-120.746788,Asclepias speciosa Torr.,FR,NA,2019,7,2,2019-07-02,1
Asclepias speciosa Torr.,38.930646,-104.758381,Asclepias speciosa Torr.,FR,NA,2019,7,18,2019-07-18,1
Asclepias speciosa Torr.,38.616117,-120.589611,Asclepias speciosa Torr.,FR,NA,2019,7,15,2019-07-15,1
Asclepias speciosa Torr.,42.658853,-89.016377,Asclepias speciosa Torr.,FR,NA,2019,7,9,2019-07-09,1
Asclepias speciosa Torr.,42.638867,-83.355777,Asclepias speciosa Torr.,FR,NA,2019,7,18,2019-07-18,1
Asclepias speciosa Torr.,42.314668,-83.341992,Asclepias speciosa Torr.,FR,NA,2019,7,28,2019-07-28,1
Asclepias speciosa Torr.,39.773828,-105.189479,Asclepias speciosa Torr.,FR,NA,2019,7,2,2019-07-02,1
Asclepias speciosa Torr.,43.434242,-103.481289,Asclepias speciosa Torr.,FR,NA,2019,7,6,2019-07-06,1
Asclepias speciosa Torr.,38.930649,-104.758368,Asclepias speciosa Torr.,FR,NA,2019,7,18,2019-07-18,1
Asclepias speciosa Torr.,48.890929,-115.08276,Asclepias speciosa Torr.,FR,NA,2019,7,2,2019-07-02,1
Asclepias speciosa Torr.,44.672218,-121.192181,Asclepias speciosa Torr.,FR,NA,2019,7,1,2019-07-01,1
Asclepias speciosa Torr.,45.440533,-122.573735,Asclepias speciosa Torr.,FR,NA,2019,7,9,2019-07-09,1
Asclepias speciosa Torr.,39.631938,-104.841813,Asclepias speciosa Torr.,FR,NA,2019,7,11,2019-07-11,1
Asclepias speciosa Torr.,48.202263,-103.616983,Asclepias speciosa Torr.,FR,NA,2019,7,8,2019-07-08,1
Asclepias speciosa Torr.,50.106155,-120.777403,Asclepias speciosa Torr.,FR,NA,2019,7,2,2019-07-02,1
Asclepias speciosa Torr.,39.898357,-104.991996,Asclepias speciosa Torr.,FR,NA,2019,7,13,2019-07-13,1
Asclepias speciosa Torr.,41.853064,-103.665203,Asclepias speciosa Torr.,FR,NA,2019,7,11,2019-07-11,1
Asclepias speciosa Torr.,42.346829,-83.064163,Asclepias speciosa Torr.,FR,NA,2019,7,27,2019-07-27,1
Asclepias speciosa Torr.,39.883874,-105.072045,Asclepias speciosa Torr.,FR,NA,2019,7,5,2019-07-05,1
Asclepias speciosa Torr.,45.329071,-118.096891,Asclepias speciosa Torr.,FR,NA,2019,7,9,2019-07-09,1
Asclepias speciosa Torr.,40.580872,-105.105592,Asclepias speciosa Torr.,FR,NA,2019,7,9,2019-07-09,1
Asclepias speciosa Torr.,48.653164,-117.372854,Asclepias speciosa Torr.,FR,NA,2019,7,7,2019-07-07,1
Asclepias speciosa Torr.,49.582171,-119.572235,Asclepias speciosa Torr.,FR,NA,2019,7,16,2019-07-16,1
Asclepias speciosa Torr.,47.718971,-116.82644,Asclepias speciosa Torr.,FR,NA,2019,7,3,2019-07-03,1
Asclepias speciosa Torr.,41.521667,-112.021111,Asclepias speciosa Torr.,FR,NA,2019,7,15,2019-07-15,1
Asclepias speciosa Torr.,51.046104,-114.011568,Asclepias speciosa Torr.,FR,NA,2019,7,18,2019-07-18,1
Asclepias speciosa Torr.,39.776659,-105.189424,Asclepias speciosa Torr.,FR,NA,2019,7,1,2019-07-01,1
Asclepias speciosa Torr.,49.656347,-112.858852,Asclepias speciosa Torr.,FR,NA,2019,7,4,2019-07-04,1
Asclepias speciosa Torr.,49.753288,-112.849396,Asclepias speciosa Torr.,FR,NA,2019,7,19,2019-07-19,1
Asclepias speciosa Torr.,43.517004,-112.054652,Asclepias speciosa Torr.,FR,NA,2019,7,3,2019-07-03,1
Asclepias speciosa Torr.,38.952307,-104.776775,Asclepias speciosa Torr.,FR,NA,2019,7,13,2019-07-13,1
Asclepias speciosa Torr.,40.561667,-105.088611,Asclepias speciosa Torr.,FR,NA,2019,7,14,2019-07-14,1
Asclepias speciosa Torr.,44.485617,-103.859936,Asclepias speciosa Torr.,FR,NA,2019,7,21,2019-07-21,1
Asclepias speciosa Torr.,41.853064,-103.665203,Asclepias speciosa Torr.,FR,NA,2019,7,11,2019-07-11,1
Asclepias speciosa Torr.,41.20383,-95.823484,Asclepias speciosa Torr.,FR,NA,2019,7,13,2019-07-13,1
Asclepias speciosa Torr.,40.523154,-112.282405,Asclepias speciosa Torr.,FR,NA,2019,7,18,2019-07-18,1
Asclepias speciosa Torr.,50.37049,-108.260297,Asclepias speciosa Torr.,FR,NA,2019,7,5,2019-07-05,1
Asclepias speciosa Torr.,43.601145,-116.576942,Asclepias speciosa Torr.,FR,NA,2019,7,20,2019-07-20,1
Asclepias speciosa Torr.,49.895278,-119.499444,Asclepias speciosa Torr.,FR,NA,2019,7,1,2019-07-01,1
Asclepias speciosa Torr.,38.824927,-104.816713,Asclepias speciosa Torr.,FR,NA,2019,7,15,2019-07-15,1
Asclepias speciosa Torr.,40.075818,-105.34368,Asclepias speciosa Torr.,FR,NA,2019,7,25,2019-07-25,1
Asclepias speciosa Torr.,40.671339,-111.845664,Asclepias speciosa Torr.,FR,NA,2019,7,11,2019-07-11,1
Asclepias speciosa Torr.,46.915164,-103.524086,Asclepias speciosa Torr.,FR,NA,2019,7,3,2019-07-03,1
Asclepias speciosa Torr.,41.081422,-112.07829,Asclepias speciosa Torr.,FR,NA,2019,7,7,2019-07-07,1
Asclepias speciosa Torr.,44.298631,-103.679582,Asclepias speciosa Torr.,FR,NA,2019,7,24,2019-07-24,1
Asclepias speciosa Torr.,49.587827,-119.595708,Asclepias speciosa Torr.,FR,NA,2019,7,4,2019-07-04,1
Asclepias speciosa Torr.,38.942173,-104.823398,Asclepias speciosa Torr.,FR,NA,2019,7,23,2019-07-23,1
Asclepias speciosa Torr.,44.267566,-105.533506,Asclepias speciosa Torr.,FR,NA,2019,7,23,2019-07-23,1
Asclepias speciosa Torr.,38.877862,-104.778826,Asclepias speciosa Torr.,FR,NA,2019,7,10,2019-07-10,1
Asclepias speciosa Torr.,47.566378,-115.310899,Asclepias speciosa Torr.,FR,NA,2019,7,6,2019-07-06,1
Asclepias speciosa Torr.,46.009533,-112.527493,Asclepias speciosa Torr.,FR,NA,2019,7,27,2019-07-27,1
Asclepias speciosa Torr.,40.670579,-98.885863,Asclepias speciosa Torr.,FR,NA,2019,7,17,2019-07-17,1
Asclepias speciosa Torr.,39.812695,-104.856563,Asclepias speciosa Torr.,FR,NA,2019,7,3,2019-07-03,1
Asclepias speciosa Torr.,49.670925,-100.085209,Asclepias speciosa Torr.,FR,NA,2019,7,3,2019-07-03,1
Asclepias speciosa Torr.,40.003714,-105.215096,Asclepias speciosa Torr.,FR,NA,2019,7,15,2019-07-15,1
Asclepias speciosa Torr.,39.724492,-105.151297,Asclepias speciosa Torr.,FR,NA,2019,7,23,2019-07-23,1
Asclepias speciosa Torr.,47.734731,-117.473188,Asclepias speciosa Torr.,FR,NA,2019,7,4,2019-07-04,1
Asclepias speciosa Torr.,39.903613,-105.066758,Asclepias speciosa Torr.,FR,NA,2019,7,15,2019-07-15,1
Asclepias speciosa Torr.,42.84573,-106.344652,Asclepias speciosa Torr.,FR,NA,2019,7,13,2019-07-13,1
Asclepias speciosa Torr.,47.566387,-115.3109,Asclepias speciosa Torr.,FR,NA,2019,7,6,2019-07-06,1
Asclepias speciosa Torr.,48.890538,-115.081325,Asclepias speciosa Torr.,FR,NA,2019,7,2,2019-07-02,1
Asclepias speciosa Torr.,37.461036,-105.877645,Asclepias speciosa Torr.,FR,NA,2019,7,19,2019-07-19,1
Asclepias speciosa Torr.,39.097926,-108.654709,Asclepias speciosa Torr.,FR,NA,2019,7,22,2019-07-22,1
Asclepias speciosa Torr.,45.849022,-122.869458,Asclepias speciosa Torr.,FR,NA,2019,7,18,2019-07-18,1
Asclepias speciosa Torr.,40.394118,-105.140068,Asclepias speciosa Torr.,FR,NA,2019,7,3,2019-07-03,1
Asclepias speciosa Torr.,43.213576,-108.656102,Asclepias speciosa Torr.,FR,NA,2019,7,6,2019-07-06,1
Asclepias speciosa Torr.,40.103318,-111.625952,Asclepias speciosa Torr.,FR,NA,2019,7,26,2019-07-26,1
Asclepias speciosa Torr.,39.376516,-104.809386,Asclepias speciosa Torr.,FR,NA,2019,7,30,2019-07-30,1
Asclepias speciosa Torr.,50.019299,-110.696075,Asclepias speciosa Torr.,FR,NA,2019,7,18,2019-07-18,1
Asclepias speciosa Torr.,47.405446,-122.301565,Asclepias speciosa Torr.,FR,NA,2019,7,15,2019-07-15,1
Asclepias speciosa Torr.,40.671339,-111.845664,Asclepias speciosa Torr.,FR,NA,2019,7,27,2019-07-27,1
Asclepias speciosa Torr.,45.485515,-122.868609,Asclepias speciosa Torr.,FR,NA,2019,7,28,2019-07-28,1
Asclepias speciosa Torr.,38.960131,-107.253972,Asclepias speciosa Torr.,FR,NA,2019,7,29,2019-07-29,1
Asclepias speciosa Torr.,40.003236,-104.732317,Asclepias speciosa Torr.,FR,NA,2019,7,15,2019-07-15,1
Asclepias speciosa Torr.,45.337919,-118.041513,Asclepias speciosa Torr.,FR,NA,2019,7,24,2019-07-24,1
Asclepias speciosa Torr.,41.684621,-111.824665,Asclepias speciosa Torr.,FR,NA,2019,7,8,2019-07-08,1
Asclepias speciosa Torr.,37.741581,-119.570031,Asclepias speciosa Torr.,FR,NA,2019,7,8,2019-07-08,1
Asclepias speciosa Torr.,51.811554,-121.225561,Asclepias speciosa Torr.,FR,NA,2019,7,5,2019-07-05,1
Asclepias speciosa Torr.,37.744122,-119.591216,Asclepias speciosa Torr.,FR,NA,2019,7,11,2019-07-11,1
Asclepias speciosa Torr.,40.300368,-105.067228,Asclepias speciosa Torr.,FR,NA,2019,7,8,2019-07-08,1
Asclepias speciosa Torr.,44.139117,-103.059424,Asclepias speciosa Torr.,FR,NA,2019,7,20,2019-07-20,1
Asclepias speciosa Torr.,39.892971,-105.059372,Asclepias speciosa Torr.,FR,NA,2019,7,6,2019-07-06,1
Asclepias speciosa Torr.,41.039823,-111.672809,Asclepias speciosa Torr.,FR,NA,2019,7,7,2019-07-07,1
Asclepias speciosa Torr.,38.776614,-104.790115,Asclepias speciosa Torr.,FR,NA,2019,7,10,2019-07-10,1
Asclepias speciosa Torr.,44.392085,-100.332206,Asclepias speciosa Torr.,FR,NA,2019,7,11,2019-07-11,1
Asclepias speciosa Torr.,46.26335,-114.160712,Asclepias speciosa Torr.,FR,NA,2019,7,13,2019-07-13,1
Asclepias speciosa Torr.,40.202446,-111.627762,Asclepias speciosa Torr.,FR,NA,2019,7,1,2019-07-01,1
Asclepias speciosa Torr.,39.56134,-104.920419,Asclepias speciosa Torr.,FR,NA,2019,7,11,2019-07-11,1
Asclepias speciosa Torr.,37.461036,-105.877645,Asclepias speciosa Torr.,FR,NA,2019,7,19,2019-07-19,1
Asclepias speciosa Torr.,50.878929,-111.91894,Asclepias speciosa Torr.,FR,NA,2019,7,9,2019-07-09,1
Asclepias speciosa Torr.,45.536741,-122.407769,Asclepias speciosa Torr.,FR,NA,2019,7,10,2019-07-10,1
Asclepias speciosa Torr.,50.015298,-110.684556,Asclepias speciosa Torr.,FR,NA,2019,7,14,2019-07-14,1
Asclepias speciosa Torr.,39.581802,-104.9695,Asclepias speciosa Torr.,FR,NA,2019,7,12,2019-07-12,1
Asclepias speciosa Torr.,39.581814,-104.969512,Asclepias speciosa Torr.,FR,NA,2019,7,12,2019-07-12,1
Asclepias speciosa Torr.,39.982283,-104.827274,Asclepias speciosa Torr.,FR,NA,2019,7,13,2019-07-13,1
Asclepias speciosa Torr.,49.148216,-98.206902,Asclepias speciosa Torr.,FR,NA,2019,7,24,2019-07-24,1
Asclepias speciosa Torr.,39.596503,-104.784977,Asclepias speciosa Torr.,FR,NA,2019,7,14,2019-07-14,1
Asclepias speciosa Torr.,47.090122,-122.152122,Asclepias speciosa Torr.,FR,NA,2019,7,14,2019-07-14,1
Asclepias speciosa Torr.,40.075818,-105.34368,Asclepias speciosa Torr.,FR,NA,2019,7,25,2019-07-25,1
Asclepias speciosa Torr.,39.754831,-105.232952,Asclepias speciosa Torr.,FR,NA,2019,7,3,2019-07-03,1
Asclepias speciosa Torr.,53.52495,-113.487999,Asclepias speciosa Torr.,FR,NA,2019,7,9,2019-07-09,1
Asclepias speciosa Torr.,39.577666,-104.97164,Asclepias speciosa Torr.,FR,NA,2019,7,8,2019-07-08,1
Asclepias speciosa Torr.,50.058764,-119.389136,Asclepias speciosa Torr.,FR,NA,2019,7,15,2019-07-15,1
Asclepias speciosa Torr.,49.689722,-112.851667,Asclepias speciosa Torr.,FR,NA,2019,7,16,2019-07-16,1
Asclepias speciosa Torr.,33.363193,-111.708689,Asclepias speciosa Torr.,FR,NA,2019,7,17,2019-07-17,1
Asclepias speciosa Torr.,49.715208,-107.630695,Asclepias speciosa Torr.,FR,NA,2019,7,18,2019-07-18,1
Asclepias speciosa Torr.,33.36321,-111.70907,Asclepias speciosa Torr.,FR,NA,2019,7,17,2019-07-17,1
Asclepias speciosa Torr.,40.393893,-105.140101,Asclepias speciosa Torr.,FR,NA,2019,7,3,2019-07-03,1
Asclepias speciosa Torr.,39.56134,-104.920419,Asclepias speciosa Torr.,FR,NA,2019,7,15,2019-07-15,1
Asclepias speciosa Torr.,39.978231,-105.22602,Asclepias speciosa Torr.,FR,NA,2019,7,16,2019-07-16,1
Asclepias speciosa Torr.,38.320703,-111.38284,Asclepias speciosa Torr.,FR,NA,2019,7,5,2019-07-05,1
Asclepias speciosa Torr.,47.926747,-117.354067,Asclepias speciosa Torr.,FR,NA,2019,7,11,2019-07-11,1
Asclepias speciosa Torr.,50.068618,-108.839152,Asclepias speciosa Torr.,FR,NA,2019,7,5,2019-07-05,1
Asclepias speciosa Torr.,50.528277,-96.995022,Asclepias speciosa Torr.,FR,NA,2019,7,6,2019-07-06,1
Asclepias speciosa Torr.,49.970159,-98.286852,Asclepias speciosa Torr.,FR,NA,2019,7,7,2019-07-07,1
Asclepias speciosa Torr.,48.653164,-117.372854,Asclepias speciosa Torr.,FR,NA,2019,7,7,2019-07-07,1
Asclepias speciosa Torr.,50.01169,-119.394546,Asclepias speciosa Torr.,FR,NA,2019,7,2,2019-07-02,1
Asclepias speciosa Torr.,39.56329,-105.051443,Asclepias speciosa Torr.,FR,NA,2019,7,9,2019-07-09,1
Asclepias speciosa Torr.,44.267811,-105.533523,Asclepias speciosa Torr.,FR,NA,2019,7,23,2019-07-23,1
Asclepias speciosa Torr.,50.106064,-120.777481,Asclepias speciosa Torr.,FR,NA,2019,7,2,2019-07-02,1
Asclepias speciosa Torr.,48.010251,-106.424368,Asclepias speciosa Torr.,FR,NA,2019,7,2,2019-07-02,1
Asclepias speciosa Torr.,44.942962,-93.159184,Asclepias speciosa Torr.,FR,NA,2019,7,3,2019-07-03,1
Asclepias speciosa Torr.,49.665153,-100.09281,Asclepias speciosa Torr.,FR,NA,2019,7,19,2019-07-19,1
Asclepias speciosa Torr.,43.608956,-116.595039,Asclepias speciosa Torr.,FR,NA,2019,7,20,2019-07-20,1
Asclepias speciosa Torr.,39.579108,-120.376936,Asclepias speciosa Torr.,FR,NA,2019,7,2,2019-07-02,1
Asclepias speciosa Torr.,46.915149,-103.524041,Asclepias speciosa Torr.,FR,NA,2019,7,3,2019-07-03,1
Asclepias speciosa Torr.,37.296667,-107.857778,Asclepias speciosa Torr.,FR,NA,2019,7,5,2019-07-05,1
Asclepias speciosa Torr.,40.534804,-111.900626,Asclepias speciosa Torr.,FR,NA,2019,7,5,2019-07-05,1
Asclepias speciosa Torr.,39.618016,-105.022573,Asclepias speciosa Torr.,FR,NA,2019,7,19,2019-07-19,1
Asclepias speciosa Torr.,39.883826,-104.865426,Asclepias speciosa Torr.,FR,NA,2019,7,5,2019-07-05,1
Asclepias speciosa Torr.,48.65319,-117.372814,Asclepias speciosa Torr.,FR,NA,2019,7,7,2019-07-07,1
Asclepias speciosa Torr.,37.739357,-119.595186,Asclepias speciosa Torr.,FR,NA,2019,7,5,2019-07-05,1
Asclepias speciosa Torr.,39.363382,-104.796347,Asclepias speciosa Torr.,FR,NA,2019,7,6,2019-07-06,1
Asclepias speciosa Torr.,39.616018,-104.749727,Asclepias speciosa Torr.,FR,NA,2019,7,24,2019-07-24,1
Asclepias speciosa Torr.,45.660974,-110.566952,Asclepias speciosa Torr.,FR,NA,2019,7,21,2019-07-21,1
Asclepias speciosa Torr.,39.982549,-105.25771,Asclepias speciosa Torr.,FR,NA,2019,7,23,2019-07-23,1
Asclepias speciosa Torr.,49.840265,-119.622248,Asclepias speciosa Torr.,FR,NA,2019,7,6,2019-07-06,1
Asclepias speciosa Torr.,38.894189,-119.739026,Asclepias speciosa Torr.,FR,NA,2019,7,6,2019-07-06,1
Asclepias speciosa Torr.,49.845333,-97.235244,Asclepias speciosa Torr.,FR,NA,2019,7,21,2019-07-21,1
Asclepias speciosa Torr.,38.878358,-104.778942,Asclepias speciosa Torr.,FR,NA,2019,7,6,2019-07-06,1
Asclepias speciosa Torr.,38.916054,-104.782267,Asclepias speciosa Torr.,FR,NA,2019,7,26,2019-07-26,1
Asclepias speciosa Torr.,40.561667,-105.088611,Asclepias speciosa Torr.,FR,NA,2019,7,14,2019-07-14,1
Asclepias speciosa Torr.,39.523849,-104.79811,Asclepias speciosa Torr.,FR,NA,2019,7,14,2019-07-14,1
Asclepias speciosa Torr.,50.878929,-111.91894,Asclepias speciosa Torr.,FR,NA,2019,7,9,2019-07-09,1
Asclepias speciosa Torr.,44.551944,-107.738056,Asclepias speciosa Torr.,FR,NA,2019,7,13,2019-07-13,1
Asclepias speciosa Torr.,40.476706,-109.49207,Asclepias speciosa Torr.,FR,NA,2019,7,5,2019-07-05,1
Asclepias speciosa Torr.,42.1243,-112.755,Asclepias speciosa Torr.,US,Idaho,2019,8,17,2019-08-17,1
Asclepias speciosa Torr.,43.7357,-111.881,Asclepias speciosa Torr.,US,Idaho,2019,8,17,2019-08-17,1
Asclepias speciosa Torr.,43.1012,-112.686,Asclepias speciosa Torr.,US,Idaho,2019,8,4,2019-08-04,1
Asclepias speciosa Torr.,43.6438,-111.7,Asclepias speciosa Torr.,US,Idaho,2019,8,4,2019-08-04,1
Asclepias speciosa Torr.,43.046428,-110.886992,Asclepias speciosa Torr.,FR,NA,2019,8,17,2019-08-17,1
Asclepias speciosa Torr.,39.667915,-105.360219,Asclepias speciosa Torr.,FR,NA,2019,8,2,2019-08-02,1
Asclepias speciosa Torr.,51.045446,-114.00998,Asclepias speciosa Torr.,FR,NA,2019,8,4,2019-08-04,1
Asclepias speciosa Torr.,46.009543,-112.527387,Asclepias speciosa Torr.,FR,NA,2019,8,16,2019-08-16,1
Asclepias speciosa Torr.,41.510006,-109.458711,Asclepias speciosa Torr.,FR,NA,2019,8,6,2019-08-06,1
Asclepias speciosa Torr.,40.633599,-105.143883,Asclepias speciosa Torr.,FR,NA,2019,8,1,2019-08-01,1
Asclepias speciosa Torr.,39.667718,-105.359951,Asclepias speciosa Torr.,FR,NA,2019,8,2,2019-08-02,1
Asclepias speciosa Torr.,40.738353,-111.605272,Asclepias speciosa Torr.,FR,NA,2019,8,13,2019-08-13,1
Asclepias speciosa Torr.,51.045459,-114.009958,Asclepias speciosa Torr.,FR,NA,2019,8,4,2019-08-04,1
Asclepias speciosa Torr.,35.178314,-111.657894,Asclepias speciosa Torr.,FR,NA,2019,8,8,2019-08-08,1
Asclepias speciosa Torr.,38.155891,-107.739632,Asclepias speciosa Torr.,FR,NA,2019,8,5,2019-08-05,1
Asclepias speciosa Torr.,43.632778,-111.673333,Asclepias speciosa Torr.,FR,NA,2019,8,2,2019-08-02,1
Asclepias speciosa Torr.,39.561736,-104.919986,Asclepias speciosa Torr.,FR,NA,2019,8,14,2019-08-14,1
Asclepias speciosa Torr.,40.004938,-105.306427,Asclepias speciosa Torr.,FR,NA,2019,8,2,2019-08-02,1
Asclepias speciosa Torr.,42.346564,-88.853951,Asclepias speciosa Torr.,FR,NA,2019,8,15,2019-08-15,1
Asclepias speciosa Torr.,40.366584,-105.561244,Asclepias speciosa Torr.,NL,NA,2019,8,25,2019-08-25,1
Asclepias speciosa Torr.,39.808436,-104.894539,Asclepias speciosa Torr.,FR,NA,2019,9,13,2019-09-13,1
Asclepias speciosa Torr.,37.429494,-107.193642,Asclepias speciosa Torr.,FR,NA,2019,9,7,2019-09-07,1
Asclepias speciosa Torr.,39.622872,-104.876106,Asclepias speciosa Torr.,FR,NA,2019,9,13,2019-09-13,1
Asclepias speciosa Torr.,39.803874,-105.098681,Asclepias speciosa Torr.,FR,NA,2019,9,29,2019-09-29,1
Asclepias speciosa Torr.,40.603411,-105.089503,Asclepias speciosa Torr.,FR,NA,2019,10,6,2019-10-06,1
Asclepias speciosa Torr.,47.788779,-117.670215,Asclepias speciosa Torr.,FR,NA,2019,10,25,2019-10-25,1
Asclepias speciosa Torr.,38.849281,-104.806169,Asclepias speciosa Torr.,FR,NA,2019,12,13,2019-12-13,1
Asclepias speciosa Torr.,39.54663,-105.0899,Asclepias speciosa Torr.,US,Colorado,2018,6,21,2018-06-21,1
Asclepias speciosa Torr.,39.54663,-105.0899,Asclepias speciosa Torr.,US,Colorado,2018,6,21,2018-06-21,1
Asclepias speciosa Torr.,37.087016,-122.077981,Asclepias speciosa Torr.,FR,NA,2018,6,9,2018-06-09,1
Asclepias speciosa Torr.,41.209957,-101.637619,Asclepias speciosa Torr.,FR,NA,2018,6,30,2018-06-30,1
Asclepias speciosa Torr.,45.635529,-122.497856,Asclepias speciosa Torr.,FR,NA,2018,6,11,2018-06-11,1
Asclepias speciosa Torr.,47.518304,-111.288371,Asclepias speciosa Torr.,FR,NA,2018,6,16,2018-06-16,1
Asclepias speciosa Torr.,40.428614,-105.091361,Asclepias speciosa Torr.,FR,NA,2018,6,8,2018-06-08,1
Asclepias speciosa Torr.,39.75012,-104.837462,Asclepias speciosa Torr.,FR,NA,2018,6,22,2018-06-22,1
Asclepias speciosa Torr.,40.014986,-105.270546,Asclepias speciosa Torr.,FR,NA,2018,6,10,2018-06-10,1
Asclepias speciosa Torr.,41.470753,-112.038263,Asclepias speciosa Torr.,FR,NA,2018,6,12,2018-06-12,1
Asclepias speciosa Torr.,39.401907,-104.849871,Asclepias speciosa Torr.,FR,NA,2018,6,15,2018-06-15,1
Asclepias speciosa Torr.,50.334853,-119.340912,Asclepias speciosa Torr.,FR,NA,2018,6,10,2018-06-10,1
Asclepias speciosa Torr.,50.697758,-120.452833,Asclepias speciosa Torr.,FR,NA,2018,6,25,2018-06-25,1
Asclepias speciosa Torr.,39.583077,-105.021371,Asclepias speciosa Torr.,FR,NA,2018,6,22,2018-06-22,1
Asclepias speciosa Torr.,44.420036,-118.953724,Asclepias speciosa Torr.,FR,NA,2018,6,14,2018-06-14,1
Asclepias speciosa Torr.,49.95398,-109.233863,Asclepias speciosa Torr.,FR,NA,2018,6,29,2018-06-29,1
Asclepias speciosa Torr.,40.176886,-105.12225,Asclepias speciosa Torr.,FR,NA,2018,6,16,2018-06-16,1
Asclepias speciosa Torr.,41.209957,-101.637619,Asclepias speciosa Torr.,FR,NA,2018,6,24,2018-06-24,1
Asclepias speciosa Torr.,39.887106,-105.102374,Asclepias speciosa Torr.,FR,NA,2018,6,29,2018-06-29,1
Asclepias speciosa Torr.,39.610495,-104.908225,Asclepias speciosa Torr.,FR,NA,2018,6,12,2018-06-12,1
Asclepias speciosa Torr.,40.40298,-104.865875,Asclepias speciosa Torr.,FR,NA,2018,6,18,2018-06-18,1
Asclepias speciosa Torr.,46.302506,-119.36709,Asclepias speciosa Torr.,FR,NA,2018,6,1,2018-06-01,1
Asclepias speciosa Torr.,37.850533,-99.458038,Asclepias speciosa Torr.,FR,NA,2018,6,9,2018-06-09,1
Asclepias speciosa Torr.,47.312334,-119.55731,Asclepias speciosa Torr.,FR,NA,2018,6,2,2018-06-02,1
Asclepias speciosa Torr.,50.334853,-119.340912,Asclepias speciosa Torr.,FR,NA,2018,6,10,2018-06-10,1
Asclepias speciosa Torr.,39.774156,-105.038758,Asclepias speciosa Torr.,FR,NA,2018,6,21,2018-06-21,1
Asclepias speciosa Torr.,37.28917,-100.332257,Asclepias speciosa Torr.,FR,NA,2018,6,8,2018-06-08,1
Asclepias speciosa Torr.,43.653994,-116.421436,Asclepias speciosa Torr.,FR,NA,2018,6,7,2018-06-07,1
Asclepias speciosa Torr.,41.289008,-122.350303,Asclepias speciosa Torr.,FR,NA,2018,6,22,2018-06-22,1
Asclepias speciosa Torr.,41.289008,-122.350303,Asclepias speciosa Torr.,FR,NA,2018,6,22,2018-06-22,1
Asclepias speciosa Torr.,42.568934,-114.507214,Asclepias speciosa Torr.,FR,NA,2018,6,24,2018-06-24,1
Asclepias speciosa Torr.,45.843991,-108.480648,Asclepias speciosa Torr.,FR,NA,2018,6,30,2018-06-30,1
Asclepias speciosa Torr.,45.669056,-122.666082,Asclepias speciosa Torr.,FR,NA,2018,7,2,2018-07-02,1
Asclepias speciosa Torr.,40.006767,-105.246933,Asclepias speciosa Torr.,FR,NA,2018,7,22,2018-07-22,1
Asclepias speciosa Torr.,48.012914,-106.428525,Asclepias speciosa Torr.,FR,NA,2018,7,1,2018-07-01,1
Asclepias speciosa Torr.,46.960995,-114.137103,Asclepias speciosa Torr.,FR,NA,2018,7,5,2018-07-05,1
Asclepias speciosa Torr.,39.754719,-104.87838,Asclepias speciosa Torr.,FR,NA,2018,7,12,2018-07-12,1
Asclepias speciosa Torr.,43.644771,-111.701176,Asclepias speciosa Torr.,FR,NA,2018,7,17,2018-07-17,1
Asclepias speciosa Torr.,45.846909,-111.659958,Asclepias speciosa Torr.,FR,NA,2018,7,6,2018-07-06,1
Asclepias speciosa Torr.,47.163825,-104.528167,Asclepias speciosa Torr.,FR,NA,2018,7,11,2018-07-11,1
Asclepias speciosa Torr.,39.797071,-105.166986,Asclepias speciosa Torr.,FR,NA,2018,7,6,2018-07-06,1
Asclepias speciosa Torr.,37.166308,-107.727295,Asclepias speciosa Torr.,FR,NA,2018,7,5,2018-07-05,1
Asclepias speciosa Torr.,50.174995,-108.245095,Asclepias speciosa Torr.,FR,NA,2018,7,11,2018-07-11,1
Asclepias speciosa Torr.,44.832194,-92.980671,Asclepias speciosa Torr.,FR,NA,2018,7,2,2018-07-02,1
Asclepias speciosa Torr.,40.047615,-105.232149,Asclepias speciosa Torr.,FR,NA,2018,7,3,2018-07-03,1
Asclepias speciosa Torr.,47.15242,-119.936753,Asclepias speciosa Torr.,FR,NA,2018,7,22,2018-07-22,1
Asclepias speciosa Torr.,37.4001,-108.59,Asclepias speciosa Torr.,US,Colorado,2018,8,24,2018-08-24,1
Asclepias speciosa Torr.,39.54862,-105.09559,Asclepias speciosa Torr.,US,Colorado,2017,6,27,2017-06-27,1
Asclepias speciosa Torr.,46.693979,-120.507,Asclepias speciosa Torr.,FR,NA,2017,7,22,2017-07-22,1
Asclepias speciosa Torr.,49.710278,-113.425278,Asclepias speciosa Torr.,FR,NA,2017,7,11,2017-07-11,1
Asclepias speciosa Torr.,39.926426,-105.010201,Asclepias speciosa Torr.,FR,NA,2017,7,11,2017-07-11,1
Asclepias speciosa Torr.,39.895675,-105.011846,Asclepias speciosa Torr.,FR,NA,2017,7,30,2017-07-30,1
Asclepias speciosa Torr.,40.398281,-105.58136,Asclepias speciosa Torr.,NL,NA,2017,7,17,2017-07-17,1
Asclepias speciosa Torr.,39.618092,-104.81646,Asclepias speciosa Torr.,FR,NA,2017,8,9,2017-08-09,1
Asclepias speciosa Torr.,39.5021,-119.898,Asclepias speciosa Torr.,US,Nevada,2017,9,15,2017-09-15,1
Asclepias speciosa Torr.,39.54663,-105.0899,Asclepias speciosa Torr.,US,Colorado,2016,6,14,2016-06-14,1
Asclepias speciosa Torr.,42.0414,-122.592,Asclepias speciosa Torr.,US,Oregon,2014,7,2,2014-07-02,1
Asclepias speciosa Torr.,37.9827,-103.73,Asclepias speciosa Torr.,US,Colorado,2014,7,26,2014-07-26,1
Asclepias speciosa Torr.,46.335,-111.5331,Asclepias speciosa Torr.,US,Montana,2014,8,1,2014-08-01,1
Asclepias speciosa Torr.,45.1758,-99.0211,Asclepias speciosa Torr.,US,South Dakota,2014,8,3,2014-08-03,1
Asclepias speciosa Torr.,40.356846,-105.608268,Asclepias speciosa Torr.,NL,NA,2013,6,27,2013-06-27,1
Asclepias speciosa Torr.,41.988,-110.051,Asclepias speciosa Torr.,US,Wyoming,2013,7,16,2013-07-16,1
Asclepias speciosa Torr.,37.832565,-119.54567,Asclepias speciosa Torr.,NL,NA,2013,10,23,2013-10-23,1
Asclepias speciosa Torr.,43.966667,-99.2,Asclepias speciosa Torr.,US,South Dakota,2012,6,25,2012-06-25,2
Asclepias speciosa Torr.,44.133333,-99.816667,Asclepias speciosa Torr.,US,South Dakota,2012,7,5,2012-07-05,2
Asclepias speciosa Torr.,36.8445,-107.741,Asclepias speciosa Torr.,US,New Mexico,2012,9,14,2012-09-14,1
Asclepias speciosa Torr.,37.539684,-119.657898,Asclepias speciosa Torr.,NL,NA,2011,7,22,2011-07-22,1
Asclepias speciosa Torr.,44.8614,-108.332,Asclepias speciosa Torr.,US,Wyoming,2011,9,16,2011-09-16,1
Asclepias speciosa Torr.,36.8736,-108.203,Asclepias speciosa Torr.,US,New Mexico,2010,9,7,2010-09-07,1
Asclepias speciosa Torr.,43.984972,-97.1595,Asclepias speciosa Torr.,US,South Dakota,2009,7,8,2009-07-08,2
Asclepias speciosa Torr.,54.716083,-112.400722,Asclepias speciosa Torr.,CA,Alberta,2008,8,1,2008-08-01,1
Asclepias speciosa Torr.,41.425695,-122.516722,Asclepias speciosa Torr.,US,California,2007,7,31,2007-07-31,4
Asclepias speciosa Torr.,44.668333,-123.035278,Asclepias speciosa Torr.,US,Oregon,2006,7,27,2006-07-27,4
Asclepias speciosa Torr.,49.194045,-119.543953,Asclepias speciosa Torr.,NL,NA,2005,8,16,2005-08-16,1
Asclepias speciosa Torr.,40.618611,-103.175278,Asclepias speciosa Torr.,US,Colorado,2004,6,22,2004-06-22,1
Asclepias speciosa Torr.,40.684444,-104.508889,Asclepias speciosa Torr.,US,Colorado,2003,7,16,2003-07-16,4
Asclepias speciosa Torr.,40.971945,-117.746389,Asclepias speciosa Torr.,US,Nevada,2001,6,25,2001-06-25,4
Asclepias speciosa Torr.,40.566667,-105.016667,Asclepias speciosa Torr.,US,Colorado,2001,6,26,2001-06-26,1
Asclepias speciosa Torr.,36.235556,-105.585833,Asclepias speciosa Torr.,US,New Mexico,1998,7,4,1998-07-04,6
Asclepias speciosa Torr.,36.235556,-105.585833,Asclepias speciosa Torr.,US,New Mexico,1998,7,4,1998-07-04,3
Asclepias speciosa Torr.,36.23556,-105.58583,Asclepias speciosa Torr.,MX,New mexico,1998,7,4,1998-07-04,1
Asclepias speciosa Torr.,53.657839,-113.325574,Asclepias speciosa Torr.,CA,Alberta,1997,9,17,1997-09-17,1
Asclepias speciosa Torr.,30.702778,-110.805556,Asclepias speciosa Torr.,MX,Sonora,1996,8,11,1996-08-11,1
Asclepias speciosa Torr.,38.168611,-120.468889,Asclepias speciosa Torr.,US,California,1995,6,23,1995-06-23,1
Asclepias speciosa Torr.,40.883333,-104.366667,Asclepias speciosa Torr.,US,Colorado,1995,8,16,1995-08-16,1
Asclepias speciosa Torr.,44.516667,-108.066667,Asclepias speciosa Torr.,US,Wyoming,1995,9,14,1995-09-14,1
Asclepias speciosa Torr.,50.6,-121.233333,Asclepias speciosa Torr.,CA,British Columbia,1994,10,18,1994-10-18,1
Asclepias speciosa Torr.,50.333333,-115.85,Asclepias speciosa Torr.,CA,British Columbia,1993,8,19,1993-08-19,1
Asclepias speciosa Torr.,39.666667,-104.416667,Asclepias speciosa Torr.,US,Colorado,1991,8,18,1991-08-18,2
Asclepias speciosa Torr.,49.17391799906699,-98.094061,Asclepias speciosa Torr.,CA,Manitoba,1989,8,8,1989-08-08,1
Asclepias speciosa Torr.,51.6542,-115.1336,Asclepias speciosa Torr.,CA,Alberta,1988,6,27,1988-06-27,1
Asclepias speciosa Torr.,49.181395999067036,-98.08586999999999,Asclepias speciosa Torr.,CA,Manitoba,1986,6,26,1986-06-26,1
Asclepias speciosa Torr.,36.2753,-105.257,Asclepias speciosa Torr.,US,New Mexico,1986,7,14,1986-07-14,1
Asclepias speciosa Torr.,50.6333,-102.833,Asclepias speciosa Torr.,CA,Saskatchewan (Prov.),1982,8,17,1982-08-17,1
Asclepias speciosa Torr.,49.066667,-119.433333,Asclepias speciosa Torr.,CA,British Columbia,1981,7,21,1981-07-21,1
Asclepias speciosa Torr.,49.033333,-119.45,Asclepias speciosa Torr.,CA,British Columbia,1981,7,8,1981-07-08,1
Asclepias speciosa Torr.,50.77,-99.586667,Asclepias speciosa Torr.,CA,Manitoba,1979,7,16,1979-07-16,1
Asclepias speciosa Torr.,49.033333,-119.45,Asclepias speciosa Torr.,CA,British Columbia,1977,9,15,1977-09-15,1
Asclepias speciosa Torr.,49.116667,-111.65,Asclepias speciosa Torr.,CA,Alberta,1976,7,23,1976-07-23,1
Asclepias speciosa Torr.,50.666667,-120.316667,Asclepias speciosa Torr.,CA,British Columbia,1975,5,30,1975-05-30,1
Asclepias speciosa Torr.,50.066667,-110.066667,Asclepias speciosa Torr.,CA,Alberta,1975,7,18,1975-07-18,1
Asclepias speciosa Torr.,49.2185,-119.9612,Asclepias speciosa Torr.,CA,British Columbia,1975,7,7,1975-07-07,1
Asclepias speciosa Torr.,49.033333,-111.5,Asclepias speciosa Torr.,CA,Alberta,1975,7,22,1975-07-22,1
Asclepias speciosa Torr.,49.866667,-110.883333,Asclepias speciosa Torr.,CA,Alberta,1974,7,14,1974-07-14,1
Asclepias speciosa Torr.,49.066667,-120.766667,Asclepias speciosa Torr.,US,British Columbia,1973,8,20,1973-08-20,1
Asclepias speciosa Torr.,49.783333,-115.733333,Asclepias speciosa Torr.,CA,British Columbia,1965,6,30,1965-06-30,1
Asclepias speciosa Torr.,49.7542,-100.63,Asclepias speciosa Torr.,CA,Manitoba (Prov.),1953,7,8,1953-07-08,1
Asclepias speciosa Torr.,50.954316,-110.00962,Asclepias speciosa Torr.,CA,Alberta,1952,7,27,1952-07-27,1
Asclepias speciosa Torr.,49.83785,-99.955611,Asclepias speciosa Torr.,CA,Manitoba,1951,7,7,1951-07-07,1
Asclepias speciosa Torr.,51.085492263770746,-99.77112589843067,Asclepias speciosa Torr.,CA,Manitoba (Prov.),1951,8,21,1951-08-21,1
Asclepias speciosa Torr.,49.55,-109.28,Asclepias speciosa Torr.,US,Saskatchewan,1947,7,14,1947-07-14,1
Asclepias speciosa Torr.,35.1833,-111.65,Asclepias speciosa Torr.,US,Arizona,1930,7,5,1930-07-05,1
Asclepias speciosa Torr.,34.1833,-110.017,Asclepias speciosa Torr.,US,Arizona,1901,7,5,1901-07-05,1
Asclepias speciosa Torr.,34.1833,-110.017,Asclepias speciosa Torr.,US,Arizona,1901,7,4,1901-07-04,1
